DEPT_ID,FAC_ID,INST_ID,DEPT_NAME,IS_INST,CODE,REMARKS
1,6,,ECONOMICS,N,ECON,ECONOMICS
2,2,6,BUSINESS ADMINSTRATION,N,BUS,BBA
3,5,,INSTITUTE OF INFORMATION &COMMUNICATION TECHNOLOGY,Y,,
7,2,,INSTITUTE OF COMMERCE,Y,,COM
6,2,,INSTITUTE  OF BUSINESS ADMINISTRATION,Y,,IBA
8,5,3,INFORMATION TECHNOLOGY,N,ITEC,INFORMATION TECHNOLOGY
9,5,,INSTITUTE OF MATHEMATICS & COMPUTER SCIENCE,Y,,IMCS
10,5,9,COMPUTER SCIENCE,N,COMP,COMPUTER SCIENCE
11,5,,DR. M.A. KAZI INSTITUTE OF CHEMISTRY,Y,,CHEMISTRY
12,5,11,CHEMISTRY,N,CHEM,CHEMISTRY
13,5,3,SOFTWARE ENGINEERING,N,SWE,SOFTWARE ENGINEERING
14,5,3,TELECOMMUNICATION,N,TELC,TELECOMMUNICATION
15,5,3,ELECTRONICS,N,ELEC,ELECTRONICS
16,6,,SINDH DEVELOPMENT STUDIES CENTRE,N,DS,SINDH DEVELOPMENT STUDIES CENTRE
17,5,,INSTITUTE OF BIOTECHNOLOGY & GENETIC ENGINEERING,Y,,
18,5,17,GENETIC ENGINEERING,N,GENG,GENETIC ENGINEERING
19,5,68,BOTANY,N,BOTN,BOTANY
20,5,,FRESH WATER BIOLOGY & FISHERIES,N,FWBF,FRESH WATER BIOLOGY & FISHERIES
21,5,,GEOGRAPHY,N,GEOG,GEOGRAPHY
22,5,,CENTRE FOR PURE & APPLIED GEOLOGY,N,GEOL,GEOLOGY
23,5,79,MICROBIOLOGY,N,MICR,MICORBIOLOGY
24,5,69,PHYSICS,N,PHYS,PHYSICS
25,5,,PHYSIOLOGY,N,PHSL,PHYSIOLOGY
26,5,,STATISTICS,N,STAT,STATISTICS
27,5,,ZOOLOGY,N,ZOOL,ZOOLOGY
28,6,,INSTITUTE OF GENDER STUDIES,Y,,IGS
29,6,28,GENDER STUDIES,N,WS,GS
30,5,,CENTRE FOR  PHYSICAL EDUCATION  HEALTH & SPORTS SCIENCE,N,HPE,HEALTH & PHYSICAL EDUCATION
31,6,,GENERAL HISTORY,N,GH,GENRAL HISTORY
32,6,,INTERNATIONAL RELATIONS,N,IR,I R
33,6,,LIBRARY INFORMATION SCIENCE & ARCHIVE STUDIES,N,LS,LIBRARY SCIENCES
34,6,,MEDIA & COMMUNICATION STUDIES,N,MC,MEDIA & COMMUNICATION STUDIES
35,6,,CENTRE FOR RURAL DEVELOPMENT STUDIES,N,RURAL,RURAL DEVELOPMENT / MASS COMMUNICATION
36,6,,POLITICAL SCIENCE,N,POL,POLITICAL SCIENCE
37,6,,PSYCHOLOGY,N,PSY,PSYCHOLOGY
38,6,,PUBLIC ADMINISTRATION,N,PA,PUBLIC ADMINISTRATION
39,6,,SOCIOLOGY,N,SOC,SOCIOLOGY
40,6,,SOCIAL WORK,N,SW,SOCIAL WORK
41,6,,CRIMINOLOGY,N,CRM,CRIMINOLOGY
42,2,7,COMMERCE,N,COM,
43,7,,INSTITUTE OF ARTS & DESIGN,Y,,FINE ARTS
44,7,,INSTITUTE OF LANGUAGES,Y,,INSTITUTE OF LANGUAGES
45,7,70,ENGLISH,N,ENG,ENLISH
46,7,,PHILOSOPHY,N,PHIL,PHILOSOPHY
47,7,,SINDHI,N,SIND,SINDHI
48,7,,URDU,N,URD,URDU
49,7,43,ART & DESIGN,N,FAD,FINE ART
50,7,44,ARABIC,N,AR,ARABIC
51,7,44,PERSIAN,N,PERS,PERSIAN
57,9,,COMPARATIVE RELIGION & ISLAMIC CULTURE,N,IC,
58,9,,MUSLIM HISTORY,N,MH,
59,5,,INSTITUTE OF BIOCHEMISTRY,Y,,
60,5,59,BIOCHEMISTRY,N,BIOC,BIOCHEMISRY
61,5,,CENTRE OF ENVIRONMENTAL SCIENCES,N,ENVS,ENVIROMENTAL
62,5,,INSTITUTE OF PHARMACY,Y,,
63,11,,PHARMACY,N,PHAR,PHAR
64,5,9,MATHEMATICS,N,MATH,MATHEMATICS
65,5,17,BIOTECHNOLOGY,N,BIOT,BIOTECHNOLOGY
66,10,,PAKISTAN STUDIES CENTRE,N,PS,
67,8,,EDUCATION,N,EDU,Main Department of Education
68,5,,INSTITUTE OF PLANT SCIENCES,Y,BOTN,BOTANY
69,5,,INSTITUTE OF PHYSICS,Y,,
70,7,,INSTITUTE OF ENGLISH LANGUAGE & LITERATURE,Y,,ENGLISH
71,5,3,TELEMEDICINE & E-HEALTH,N,TEMED,TELEMEDICINE & E-HEALTH
72,10,,SINDH UNIVERSITY LAAR CAMPUS @ BADIN,N,SUBC,
73,5,,ANTHROPOLOGY & ARCHAEOLOGY,N,ANTH,ANTHROPOLOGY & ARCHAEOLOGY
74,8,,EDUCATION  SINDH UNIVERSITY LAAR CAMPUS @ BADIN,N,EDUL,LAAR BADIN
75,8,,EDUCATION  P.I.T.E SINDH  NAWABSHAH,N,EDUP,PITE (NAWABSHAH)
76,12,88,LAW,N,LAW,LAW
77,10,,SINDH UNIVERSITY CAMPUS MIRPURKHAS,N,SUMC,
78,7,,CENTRE FOR MUSIC EDUCATION  INSTITUTE OF ART & DESIGN,N,MUSC,CENTRE FOR MUSIC EDUCATION
79,5,,SHAHEED PROF. BASHIR AHMED CHANNAR DEPARTMENT OF MICROBIOLOGY,Y,,
80,10,,MOHTARMA BENAZIR BHUTTO SHAHEED CAMPUS DADU,N,SUDC,
81,13,,INSTITUTE OF MODEREN SCIENCES & ARTS  HYDERABAD,N,,03332766010
83,13,,SUKKUR INSTITUTE OF SCIENCE & TECHNOLOGY  SUKKAR,N,,0715614116
82,13,,COLLEGE OF MODEREN SCIENCES,N,,03136667700
84,10,,SINDH UNIVERSITY CAMPUS THATTA,N,SUCT,
85,10,,SINDH UNIVERSITY CAMPUS LARKANA,N,,
86,5,59,NUTRITION & FOOD TECHNOLOGY,N,NUFT,NUTRITION & FOOD TECHNOLOGY
87,10,,SINDH UNIVERSITY CAMPUS BHIT SHAH  IUPSMS,N,,
88,12,,INSTITUTE OF LAW,Y,,LAW
89,10,,SYED ALLAHANDO SHAH CAMPUS NAUSHAHRO FEROZ,N,SUNC,
90,13,,ANEES HASSAN CENTRE OF EXCELLENCE  HYDERABAD,N,,03213133050
91,13,,NATIONAL COLLEGE OF ARTS MANAGEMENT  HYDERABAD,N,,0223812383/ 0223821393
92,13,,HYDERABAD INSTITUTE OF ART  SCIENCES & TECHNOLOGY,N,,03432392847
93,13,,MUHAMMAD INSTITUTE OF SCIENCE & TECHNOLOGY  MIRPURKHAS,N,,0233516049
94,13,,NAZEER HASSAIN INSTITUTE OF EMERGING SCIENCE  MIRPURKHAS,N,,0233863522
95,13,,GOVERNMENT BOYS COLLEGE KALI MORI  HYDERABAD,N,,03013614184
96,13,,GOVERNMENT BOYS COLLEGE QASIMABAD  HYDERABAD,N,,03332457571
97,13,,GOVERNMENT NUZRAT GIRLS COLLEGE  HYDERABAD,N,,03018370965
98,13,,GOVERNMENT GIRLS ZUBEDA COLLEGE  HYDERABAD,N,,03003028646
99,13,,GOVERNMENT GIRLS COLLEGE QASIMABAD  HYDERABAD,N,,03003013341
100,13,,GOVERNMENT SHAH LATIF GIRLS COLLEGE LATIFABAD  HYDERABAD,N,,03332602126
101,13,,IBNE RUSHID GOVERNMENT GIRLS COLLEGE  MIRPURKHAS,N,,02339290232
102,13,,GOVERNMENT BOYS COLLEGE TANDO JAN MUHAMMAD,N,,03342551289
103,13,,GOVERNMENT ELEMENTARY COLLEGE OF EDUCATION (MEN)  HYDERABAD,N,,03013617298
104,13,,GOVERNMENT ELEMENTARY COLLEGE OF EDUCATION (WOMEN)  HYDERABAD,N,,03003796085
105,13,,GOVERNMENT ELEMENTARY COLLEGE OF EDUCATION (MEN)  MIRPURKHAS,N,,03073432008
106,13,,GOVERNMENT ELEMENTARY COLLEGE OF EDUCATION (WOMEN)  MIRPURKHAS,N,,03003321446
107,13,,GOVERNMENT ELEMENTARY COLLEGE OF EDUCATION (MEN/ WOMEN)  MITHI,N,,03332707826
108,13,,GOVERNMENT ELEMENTARY COLLEGE OF EDUCATION (MEN)  DADU,N,,03003250562
109,13,,GOVERNMENT ELEMENTARY COLLEGE OF EDUCATION (WOMEN)  DADU,N,,03337076876
110,13,,GOVERNMENT ELEMENTARY COLLEGE OF EDUCATION (MEN)  SANGHAR,N,,03023217823
111,13,,GOVERNMENT ELEMENTARY COLLEGE OF EDUCATION (WOMEN)  SANGHAR,N,,03013641804
112,13,,GOVERNMENT ELEMENTARY COLLEGE OF EDUCATION (MEN)  THATA,N,,03332180822
113,13,,GOVERNMENT ELEMENTARY COLLEGE OF EDUCATION (WOMEN)  THATA,N,,03023909464
114,13,,GOVERNMENT ELEMENTARY COLLEGE OF EDUCATION (MEN)  BADIN,N,,03463862138
115,13,,PROVINCIAL INSTITUTE OF TEACHERS EDUCATION (PITE)  NAWABSHAH,N,,03013610556
116,13,,INDUS COLLEGE OF LAW  HYDERABAD,N,,03332525427
117,5,25,MEDICAL LABORATORY TECHNOLOGY,N,MLT,MEDICAL LABORATORY TECHNOLOGY
