PROG_ID,DEPT_ID,PROGRAM_TITLE,SEM_DURATION,SEM_PER_PART,REMARKS,DEGREE_TITLE,SUBJECT,GRADUATE_POSTGRADUATE,SEM_MONTH_DURATION
1,1,B.A (HONS) ECONOMICS,6,2,15,Bachelor of Arts (Honours),ECONOMICS,G,6
2,1,M.A (HONS) ECONOMICS,2,2,16,Master of Arts (Honours),ECONOMICS,H,6
11,13,BS (SOFTWARE ENGINEERING),8,2,16,Bachelor of Science,SOFTWARE ENGINEERING,G,6
4,2,B.B.A (HONS),8,2,16,Bachelor of Business Administration (Hons),,G,6
5,2,M.B.A (HONS),3,2,18,Master of Business Administration (Hons),,H,6
6,2,M.B.A (PASS),4,2,16,Master of Business Administration (Pass),,P,6
8,10,BS (COMPUTER SCIENCE),8,2,16,Bachelor of Science,COMPUTER SCIENCE,G,6
10,12,BS (CHEMISTRY),8,2,16,Bachelor of Science,CHEMISTRY,G,6
13,15,BS (ELECTRONICS),8,2,16,Bachelor of Science,ELECTRONICS,G,6
14,1,M.A (PASS) ECONOMICS,4,2,16,Master of Arts (Pass),ECONOMICS,P,6
23,10,MASTER OF COMPUTER SCIENCE (MCS),4,2,17,Master of Computer Science,,P,6
24,12,M.Sc. (PASS) CHEMISTRY,4,2,16,Master of Science (Pass),CHEMISTRY,P,6
26,19,BS (BOTANY),8,2,16,Bachelor of Science,BOTANY,G,6
27,19,M.Sc. (PASS) BOTANY,4,2,16,Master of Science (Pass),BOTANY,P,6
32,22,BS (GEOLOGY),8,2,16,Bachelor of Science,GEOLOGY,G,6
33,22,MASTER OF PHILOSOPHY,2,2,18,Master of Philosophy,GEOLOGY,P,6
34,23,BS (MICROBIOLOGY),8,2,16,Bachelor of Science,MICROBIOLOGY,G,6
35,23,M.Sc. (PASS) MICROBIOLOGY,4,2,16,Master of Science (Pass),MICROBIOLOGY,P,6
36,24,BS (PHYSICS),8,2,16,Bachelor of Science,PHYSICS,G,6
38,25,BS (PHYSIOLOGY),8,2,16,Bachelor of Science,PHYSIOLOGY,G,6
40,26,BS (STATISTICS),8,2,16,Bachelor of Science,STATISTICS,G,6
42,27,BS (ZOOLOGY),8,2,16,Bachelor of Science,ZOOLOGY,G,6
43,27,M.Sc. (PASS) ZOOLOGY,4,2,16,Master of Science (Pass),ZOOLOGY,P,6
45,30,B.H.P.Ed,2,2,15,Bachelor of Health & Physical Education,,G,6
46,30,M.H.P.Ed,2,2,16,Master of Health & Physical Education,,P,6
49,29,P.G.D (COMMUNITY DEVELOPMENT),2,2,15,Post Graduate Diploma,COMMUNITY DEVELOPMENT,P,6
50,31,B.A. (HONS) GENERAL HISTORY,6,2,15,Bachelor of Arts (Honours),GENERAL HISTORY,G,6
51,31,M.A. (HONS) GENERAL HISTORY,2,2,16,Master of Arts (Honours),GENERAL HISTORY,H,6
54,32,M.A (HONS) INTERNATIONAL RELATIONS,2,2,16,Master of Arts (Honours),INTERNATIONAL RELATIONS,H,6
57,33,MASTER OF LIBRARY & INFORMATION SCIENCE,2,2,16,Master of Library & Information Science,,P,6
59,34,M.A (HONS) MASS COMMUNICATION,2,2,16,Master of Arts (Honours),MASS COMMUNICATION,H,6
64,57,M.A (PASS) ISLAMIC CULTURE,4,2,16,Master of Arts (Pass),ISLAMIC CULTURE,P,6
65,57,B.A (HONS) COMPARATIVE RELIGION,6,2,15,Bachelor of Arts (Honours),COMPARATIVE RELIGION,G,6
69,58,M.A (HONS) MUSLIM HISTORY,2,2,16,Master of Arts (Honours),MUSLIM HISTORY,H,6
71,36,M.A (HONS) POLITICAL SCIENCE,2,2,16,Master of Arts (Honours),POLITICAL SCIENCE,H,6
75,37,M.Sc. (PASS) PSYCHOLOGY,4,2,16,Master of Science (Pass),PSYCHOLOGY,P,6
76,38,B.P.A (HONS),6,2,15,Bachelor of Public Administration (Honours),,G,6
81,39,M.A (PASS) SOCIOLOGY,4,2,16,Master of Arts (Pass),SOCIOLOGY,P,6
87,47,M.A (HONS) SINDHI,2,2,16,Master of Arts (Honours),SINDHI,H,6
92,48,B.A (HONS) URDU,6,2,15,Bachelor of Arts (Honours),URDU,G,6
94,45,B.A (HONS) ENGLISH,6,2,15,Bachelor of Arts (Honours),ENGLISH,G,6
95,45,M.A (HONS) ENGLISH,2,2,16,Master of Arts (Honours),ENGLISH,H,6
96,45,M.A (PASS) ENGLISH,4,2,16,Master of Arts (Pass),ENGLISH,P,6
97,46,B.A (HONS) PHILOSOPHY,6,2,15,Bachelor of Arts (Honours),PHILOSOPHY,G,6
101,49,M.A (PASS) FINE ARTS,4,2,16,Master of Arts (Pass),FINE ARTS,P,6
103,50,M.A (HONS) ARABIC,2,2,16,Master of Arts (Honours),ARABIC,H,6
106,51,M.A (HONS) PERSIAN,2,2,16,Master of Arts (Honours),PERSIAN,H,6
107,51,M.A (PASS) PERSIAN,4,2,16,Master of Arts (Pass),PERSIAN,P,6
108,10,M.Sc. (PASS) COMPUTER SCIENCE,4,2,16,Master of Science (Pass),COMPUTER SCIENCE,P,6
109,2,M.B.A (EVENING),6,3,16,Master of Business Administration (Evening),,P,4
110,42,B.COM (HONS),6,2,15,Bachelor of Commerce (Honours),,G,6
111,42,M.COM (HONS),2,2,16,Master of Commerce (Honours),,H,6
112,42,M.COM (PASS),4,2,16,Master of Commerce (Pass),,P,6
52,31,M.A. (PASS) GENERAL HISTORY,4,2,16,Master of Arts (Pass),GENERAL HISTORY,P,6
53,32,B.A (HONS) INTERNATIONAL RELATIONS,6,2,15,Bachelor of Arts (Honours),INTERNATIONAL RELATIONS,G,6
55,32,M.A (PASS) INTERNATIONAL RELATIONS,4,2,16,Master of Arts (Pass),INTERNATIONAL RELATIONS,P,6
60,34,M.A (PASS) MASS COMMUNICATION,4,2,16,Master of Arts (Pass),MASS COMMUNICATION,P,6
61,36,B.A (HONS) POLITICAL SCIENCE,6,2,15,Bachelor of Arts (Honours),POLITICAL SCIENCE,G,6
72,36,M.A (PASS) POLITICAL SCIENCE,4,2,16,Master of Arts (Pass),POLITICAL SCIENCE,P,6
79,39,B.A (HONS) SOCIOLOGY,6,2,15,Bachelor of Arts (Honours),SOCIOLOGY,G,6
80,39,M.A (HONS) SOCIOLOGY,2,2,16,Master of Arts (Honours),SOCIOLOGY,H,6
82,40,B.A (HONS) SOCIAL WORK,6,2,15,Bachelor of Arts (Honours),SOCIAL WORK,G,6
83,40,M.A (HONS) SOCIAL WORK,2,2,16,Master of Arts (Honours),SOCIAL WORK,H,6
84,40,M.A (PASS) SOCIAL WORK,4,2,16,Master of Arts (Pass),SOCIAL WORK,P,6
85,41,M.Sc. (PASS) CRIMINOLOGY,4,2,16,Master of Science (Pass),CRIMINOLOGY,P,6
37,24,M.Sc. (PASS) PHYSICS,4,2,16,Master of Science (Pass),PHYSICS,P,6
39,25,M.Sc. (PASS) PHYSIOLOGY,4,2,16,Master of Science (Pass),PHYSIOLOGY,P,6
98,46,M.A (PASS) PHILOSOPHY,4,2,16,Master of Arts (Pass),PHILOSOPHY,P,6
86,47,B.A (HONS) SINDHI,6,2,15,Bachelor of Arts (Honours),SINDHI,G,6
88,47,M.A (PASS) SINDHI,4,2,16,Master of Arts (Pass),SINDHI,P,6
99,48,M.A (PASS) URDU,4,2,16,Master of Arts (Pass),URDU,P,6
100,49,B.A (PASS) FINE ARTS,4,2,14,Bachelor of Arts (Pass),FINE ARTS,G,6
102,50,B.A (HONS) ARABIC,6,2,15,Bachelor of Arts (Honours),ARABIC,G,6
104,50,M.A (PASS) ARABIC,4,2,16,Master of Arts (Pass),ARABIC,P,6
105,51,B.A (HONS) PERSIAN,6,2,15,Bachelor of Arts (Honours),PERSIAN,G,6
68,58,B.A (HONS) MUSLIM HISTORY,6,2,15,Bachelor of Arts (Honours),MUSLIM HISTORY,G,6
70,58,M.A (PASS) MUSLIM HISTORY,4,2,16,Master of Arts (Pass),MUSLIM HISTORY,P,6
113,60,BS (BIOCHEMISTRY),8,2,16,Bachelor of Science,BIOCHEMISTRY,G,6
114,60,M.Sc. (PASS) BIOCHEMISTRY,4,2,16,Master of Science (Pass),BIOCHEMISTRY,P,6
117,63,DOCTOR OF PHARMACY (PHARM. D),10,2,17,Doctor of Pharmacy,,P,6
118,64,BS (MATHEMATICS),8,2,16,Bachelor of Science,MATHEMATICS,G,6
119,64,M.Sc. (PASS) MATHEMATICS,4,2,16,Master of Science (Pass),MATHEMATICS,P,6
120,37,B.Sc. (HONS) PSYCHOLOGY,6,2,15,Bachelor of Science (Honours),PSYCHOLOGY,G,6
123,10,POST GRADUATE DIPLOMA (COMPUTER SCIENCE),2,2,15,Post Graduate Diploma,COMPUTER SCIENCE,P,6
78,38,M.P.A (PASS),4,2,16,Master of Public Administration (Pass),,P,6
126,33,M.A (PASS) LIBRARY & INFORMATION SCIENCE,4,2,16,Master of Arts (Pass),LIBRARY & INFORMATION SCIENCE,P,6
127,66,M.A. (PASS) PAKISTAN STUDIES,4,2,16,Master of Arts (Pass),PAKISTAN STUDIES,P,6
29,20,M.Sc. (PASS) FRESH WATER BIOLOGY & FISHERIES,4,2,16,Master of Science (Pass),Fresh Water Biology & Fisheries,P,6
28,20,BS (FRESH WATER BIOLOGY & FISHERIES),8,2,16,Bachelor of Science,Fresh Water Biology & Fisheries,G,6
77,38,M.P.A (HONS),2,2,16,Master of Public Administration (Honours),,H,6
134,67,B.ED.,2,2,15,Bachelor of Education,,G,6
135,67,M.ED.,2,2,16,Master of Education,,P,6
136,67,B.A (HONS) EDUCATION,6,2,15,Bachelor of Arts (Honours),EDUCATION,G,6
137,67,M.A (PASS) EDUCATION,4,2,16,Master of Arts (Pass),EDUCATION,P,6
138,37,BS (PSYCHOLOGY) SOCIAL SCIENCES,8,2,16,Bachelor Studies,PSYCHOLOGY,G,6
140,21,B.A (HONS) GEOGRAPHY,6,2,15,Bachelor of Arts (Honours),GEOGRAPHY,G,6
141,30,BS (HEALTH & PHYSICAL EDU.),8,2,16,Bachelor of Science,PHYSICAL EDUCATION  HEALTH & SPORTS SCIENCE,G,6
142,1,BS (ECONOMICS),8,2,16,Bachelor Studies,ECONOMICS,G,6
143,34,BS (MASS COMMUNICATION),8,2,16,Bachelor Studies,MASS COMMUNICATION,G,6
144,31,BS (GENERAL HISTORY),8,2,16,Bachelor Studies,GENERAL HISTORY,G,6
145,39,BS (SOCIOLOGY),8,2,16,Bachelor Studies,SOCIOLOGY,G,6
146,32,BS (INTERNATIONAL RELATIONS),8,2,16,Bachelor Studies,INTERNATIONAL RELATIONS,G,6
147,36,BS (POLITICAL SCIENCE),8,2,16,Bachelor Studies,POLITICAL SCIENCE,G,6
148,40,BS (SOCIAL WORK),8,2,16,Bachelor Studies,SOCIAL WORK,G,6
149,16,BS (RURAL DEVELOPMENT),8,2,16,Bachelor Studies,RURAL DEVELOPMENT,G,6
150,38,BS (PUBLIC ADMINISTRATION),8,2,16,Bachelor Studies,PUBLIC ADMINISTRATION,G,6
194,74,M.Ed,2,2,16,Master of Education,,P,6
152,37,BS (PSYCHOLOGY) NATURAL SCIENCES,8,2,16,Bachelor Studies,PSYCHOLOGY,G,6
153,38,P.G.D (PUBLIC ADMINISTRATION),2,2,15,Post Graduate Diploma,PUBLIC ADMINISTRATION,P,6
160,72,BS (COMMERCE),8,2,16,Bachelor Studies,COMMERCE,G,6
155,42,BS (COMMERCE),8,2,16,Bachelor Studies,COMMERCE,G,6
156,37,M.A (HONS) PSYCHOLOGY,2,2,16,Master of Arts (Honours),PSYCHOLOGY,H,6
157,37,M.Sc. (HONS) PSYCHOLOGY,2,2,16,Master of Science (Honours),PSYCHOLOGY,H,6
158,71,M.Sc. (PASS) TELEMEDICINE & E-HEALTH,4,2,16,Master of Science (Pass),TELEMEDICINE & E-HEALTH,P,6
159,72,B.B.A (HONS),8,2,16,Bachelor of Business Administration (Hons),,G,6
161,72,BS (COMPUTER SCIENCE),8,2,16,Bachelor Studies,COMPUTER SCIENCE,G,6
162,67,M.A (HONS) EDUCATION,2,2,16,Master of Arts (Honours),EDUCATION,H,6
163,38,M.P.A FINAL (P.G.D SIDE),2,2,16,Master of Public Administration (Pass),,P,6
164,73,BS (ANTHROPOLOGY & ARCHAEOLOGY),8,2,16,Bachelor of Science,,G,6
165,46,M.A (HONS) PHILOSOPHY,4,2,16,Master of Arts (Honours),PHILOSOPHY,H,6
167,72,M.B.A (EVENING),6,3,16,Master of Business Administration (Evening),,P,4
166,63,ONE YEAR CONDENSED DEFICIENCY COURSE IN PHARMACY,2,2,17,Doctor of Pharmacy,,P,6
93,48,M.A (HONS) URDU,2,2,16,Master of Arts (Honours),URDU,H,6
62,57,B.A (HONS) ISLAMIC CULTURE,6,2,15,Bachelor of Arts (Honours),ISLAMIC CULTURE,G,6
67,57,M.A (PASS) COMPARATIVE RELIGION,4,2,16,Master of Arts (Pass),COMPARATIVE RELIGION,P,6
66,57,M.A (HONS) COMPARATIVE RELIGION,2,2,16,Master of Arts (Honours),COMPARATIVE RELIGION,H,6
63,57,M.A (HONS) ISLAMIC CULTURE,2,2,16,Master of Arts (Honours),ISLAMIC CULTURE,H,6
25,18,BS (GENETICS),8,2,16,Bachelor of Science,GENETICS,G,6
31,21,M.Sc. (PASS) GEOGRAPHY,4,2,16,Master of Science (Pass),GEOGRAPHY,P,6
41,26,M.Sc. (PASS) STATISTICS,4,2,16,Master of Science (Pass),STATISTICS,P,6
12,14,BS (TELECOMMUNICATION),8,2,16,Bachelor of Science,TELECOMMUNICATION,G,6
56,33,P.G.D (LIBRARY & INFORMATION SCIENCE),2,2,15,Post Graduate Diploma,LIBRARY & INFORMATION SCIENCE,P,6
58,34,B.A (HONS) MASS COMMUNICATION,6,2,15,Bachelor of Arts (Honours),MASS COMMUNICATION,G,6
73,37,B.A (HONS) PSYCHOLOGY,6,2,15,Bachelor of Arts (Honours),PSYCHOLOGY,G,6
74,37,M.A (PASS) PSYCHOLOGY,4,2,16,Master of Arts (Pass),PSYCHOLOGY,P,6
48,29,M.A (PASS) WOMEN DEVELOPMENT STUDIES,4,2,16,Master of Arts (Pass),WOMEN DEVELOPMENT STUDIES,P,6
47,29,M.Sc. (PASS) HOME ECONOMICS,4,2,16,Master of Science (Pass),HOME ECONOMICS,P,6
168,74,B.Ed,2,2,15,Bachelor of Education,,G,6
125,65,M.Sc. (PASS) BIOTECHNOLOGY,4,2,16,Master of Science (Pass),BIOTECHNOLOGY,P,6
115,61,M.Sc. (PASS) ENVIRONMENTAL SCIENCES,4,2,16,Master of Science (Pass),ENVIRONMENTAL SCIENCES,P,6
30,21,BS (GEOGRAPHY),8,2,16,Bachelor of Science,GEOGRAPHY,G,6
7,8,BS (INFORMATION TECHNOLOGY),8,2,16,Bachelor of Science,INFORMATION TECHNOLOGY,G,6
169,45,BS (ENGLISH),8,2,16,Bachelor Studies,ENGLISH,G,6
170,49,BACHELOR OF FINE ARTS,8,2,16,Bachelor of Fine Arts,,G,6
171,49,BACHELOR OF ART HISTORY,8,2,16,Bachelor of Art History,,G,6
172,75,B.Ed,3,3,15,Bachelor of Education,,G,6
139,49,BACHELOR OF DESIGN,8,2,16,Bachelor of Design,,G,6
173,76,L.L.B (HONS),10,2,17,Bachelor of Law,LL.B (Honours),G,6
174,47,BS (SINDHI),8,2,16,Bachelor Studies,SINDHI,G,6
175,77,B.B.A (HONS),8,2,16,Bachelor of Business Administration (Hons),,G,6
176,77,BS (COMMERCE),8,2,16,Bachelor Studies,COMMERCE,G,6
177,77,BS (COMPUTER SCIENCE),8,2,16,Bachelor Studies,COMPUTER SCIENCE,G,6
178,77,BS (INFORMATION TECHNOLOGY),8,2,16,Bachelor Studies,INFORMATION TECHNOLOGY,G,6
179,77,BS (GEOLOGY),8,2,16,Bachelor Studies,GEOLOGY,G,6
180,67,ASSOCIATE DEGREE IN EDUCATION (ADE),4,2,14,Associate Degree in Education,,G,6
181,78,CERTIFICATE COURSE IN MUSIC EDUCATION,1,1,11,FOUR MONTHS CERTIFICATE COURSE,MUSIC EDUCATION  INSTITUTE OF ART & DESIGN,G,6
182,78,DIPLOMA COURSE IN MUSIC EDUCATION,2,2,11,EIGHT MONTHS DIPLOMA COURSE,MUSIC EDUCATION  INSTITUTE OF ART & DESIGN,G,6
183,30,BACHELOR OF PHYSICAL EDUCATION  HEALTH & SPORTS SCIENCE,2,2,15,Bachelor of Physical Education  Health & Sports Science,,G,6
184,30,MASTER OF PHYSICAL EDUCATION  HEALTH & SPORTS SCIENCE,2,2,16,Master of Physical Education  Health & Sports Science,,G,6
185,67,B.ED. (HONS) ELEMENTARY,8,2,16,Bachelor of Education (Hons) Elementary,,G,6
186,42,MS (COMMERCE),3,2,18,Master Studies,COMMERCE,H,6
187,2,MBA,8,4,18,Master of Business Administration,BUSINESS ADMINSTRATION,H,6
188,80,B.B.A (HONS),8,2,16,Bachelor of Business Administration (Hons),,G,6
189,80,BS (INFORMATION TECHNOLOGY),8,2,16,Bachelor Studies,INFORMATION TECHNOLOGY,G,6
190,80,BS (ENGLISH),8,2,16,Bachelor Studies,ENGLISH,G,6
191,80,M.B.A (PASS),4,2,16,Master of Business Administration (Pass),,P,6
192,80,M.B.A (EVENING),6,3,16,Master of Business Administration (Evening),,P,6
193,82,B.B.A (HONS),8,2,16,Bachelor of Business Administration (Hons),,G,6
197,84,BS (COMPUTER SCIENCE),8,2,16,Bachelor Studies,COMPUTER SCIENCE,G,6
195,84,B.B.A (HONS),8,2,16,Bachelor of Business Administration (Hons),,G,6
196,84,BS (ENGLISH),8,2,16,Bachelor Studies,ENGLISH,G,6
198,84,M.B.A (EVENING),6,3,16,Master of Business Administration (Evening),,P,4
199,85,B.B.A (HONS),8,2,16,Bachelor of Business Administration (Hons),,G,6
200,85,BS (COMPUTER SCIENCE),8,2,16,Bachelor Studies,COMPUTER SCIENCE,G,6
201,85,BS (ENGLISH),8,2,16,Bachelor Studies,ENGLISH,G,6
202,85,M.B.A (EVENING),6,3,16,Master of Business Administration (Evening),,G,4
203,61,BS (ENVIRONMENTAL SCIENCES),8,2,16,Bachelor of Science,ENVIRONMENTAL SCIENCE,G,6
204,41,BS (CRIMINOLOGY),8,2,16,Bachelor Studies,CRIMINOLOGY,G,6
206,86,BS (NUTRITION & FOOD TECHNOLOGY ),8,2,16,Bachelor of Science,NUTRITION & FOOD TECHNOLOGY,G,6
207,76,L.L.M,4,2,19,Master of Law,LL.M,P,6
208,87,B.B.A (HONS),8,2,16,Bachelor of Business Administration (Hons),,G,6
209,87,M.A (PASS) SUFISM & PEACE,4,2,16,Master of Arts (Pass),SUFISM & PEACE,P,6
210,87,M.A (PASS) ENGLISH,4,2,16,Master of Arts (Pass),ENGLISH,P,6
211,87,M.A (PASS) POLITICAL SCIENCE,4,2,16,Master of Arts (Pass),POLITICAL SCIENCE,P,6
212,49,BACHELOR OF COMMUNICATION DESIGN,8,2,16,Bachelor of Communication Design,,G,6
213,49,BACHELOR OF TEXTILE DESIGN,8,2,16,Bachelor of Textile Design,,G,6
214,65,BS (BIOTECHNOLOGY),8,2,16,Bachelor of Science,BIOTECHNOLOGY,G,6
215,29,BS (GENDER STUDIES),8,2,16,Bachelor Studies,GENDER STUDIES,G,6
216,33,BS (LIBRARY AND INFORMATION SCIENCE),8,2,16,Bachelor Studies,LIBRARY AND INFORMATION SCIENCE,G,6
217,80,M.A (PASS) ENGLISH,4,2,16,Master of Arts (Pass),ENGLISH,H,6
218,89,B.B.A (HONS),8,2,16,Bachelor of Business Administration (Hons),,G,6
219,89,BS (ENGLISH),8,2,16,Bachelor Studies,ENGLISH,G,6
220,89,BS (COMPUTER SCIENCE),8,2,16,Bachelor Studies,COMPUTER SCIENCE,G,6
221,89,M.B.A (PASS),4,2,16,Master of Business Administration (Pass),,P,6
247,57,M.A (PASS) ISLAMIC STUDIES,4,2,16,Master of Arts (Pass),ISLAMIC STUDIES,P,6
223,67,B.ED. (HONS) ELEMENTARY FOLLOWED BY A.D.E,4,2,16,Bachelor of Education (Hons) Elementary,,G,6
224,114,ASSOCIATE DEGREE IN EDUCATION,4,2,14,Associate Degree in Education,,G,6
225,108,ASSOCIATE DEGREE IN EDUCATION,4,2,14,Associate Degree in Education,,G,6
226,103,ASSOCIATE DEGREE IN EDUCATION,4,2,14,Associate Degree in Education,,G,6
227,105,ASSOCIATE DEGREE IN EDUCATION,4,2,14,Associate Degree in Education,,G,6
228,110,ASSOCIATE DEGREE IN EDUCATION,4,2,14,Associate Degree in Education,,G,6
229,112,ASSOCIATE DEGREE IN EDUCATION,4,2,14,Associate Degree in Education,,G,6
230,107,ASSOCIATE DEGREE IN EDUCATION,4,2,14,Associate Degree in Education,,G,6
231,109,ASSOCIATE DEGREE IN EDUCATION,4,2,14,Associate Degree in Education,,G,6
232,104,ASSOCIATE DEGREE IN EDUCATION,4,2,14,Associate Degree in Education,,G,6
233,106,ASSOCIATE DEGREE IN EDUCATION,4,2,14,Associate Degree in Education,,G,6
234,111,ASSOCIATE DEGREE IN EDUCATION,4,2,14,Associate Degree in Education,,G,6
235,113,ASSOCIATE DEGREE IN EDUCATION,4,2,14,Associate Degree in Education,,G,6
236,82,M.B.A (PASS),4,2,16,Master of Business Administration (Pass),,P,6
237,87,BS (ENGLISH),8,2,16,Bachelor Studies,ENGLISH,G,6
238,80,MBA,8,4,18,Master of Business Administration,,P,6
239,89,MBA,8,2,18,Master of Business Administration,,P,6
240,117,BS (MEDICAL LABORATORY TECHNOLOGY),8,2,,Bachelor of Science,MEDICAL LABORATORY TECHNOLOGY,G,6
241,89,BS (INFORMATION TECHNOLOGY),8,2,16,Bachelor Studies,INFORMATION TECHNOLOGY,G,6
242,58,BS (MUSLIM HISTORY),8,2,16,Bachelor Studies,MUSLIM HISTORY,G,6
243,57,BS (ISLAMIC STUDIES),8,2,16,Bachelor Studies,ISLAMIC STUDIES,G,6
244,57,BS (COMPARATIVE RELIGION),8,2,16,Bachelor Studies,COMPARATIVE RELIGION,G,
246,48,BS (URDU),8,2,16,Bachelor Studies,URDU,G,
245,87,BS (POLITICAL SCIENCE),8,2,16,Bachelor Studies,POLITICAL SCIENCE,G,6
248,89,M.A (PASS) ENGLISH,4,2,16,Master of Arts,ENGLISH,P,6
249,72,BS (ENGLISH),8,2,16,Bachelor Studies,ENGLISH,G,6
250,87,BS (COMPUTER SCIENCE),8,2,16,Bachelor Studies,COMPUTER SCIENCE,G,6
251,84,M.A (PASS) ENGLISH,4,2,16,Master of Arts (Pass),ENGLISH,P,6
252,50,BS (ARABIC),8,2,16,Bachelor Studies,ARABIC,G,6
253,51,BS (PERSIAN),8,2,16,Bachelor Studies,PERSIAN,G,6
