SCHEME_ID,DEPT_ID,PROG_ID,YEAR,REMARKS,MIN_MARKS,GROUP_DESC
1,2,4,2004,Scheme of BBA (H) 2000,60,GNRL
2,8,7,2004,Scheme of BS(IT)  2000,40,GNRL
5,10,8,2004,BS Computer Science  (PM&COM),40,MEDL
4,1,1,2004,Scheme of B.A. Economics 2000,40,GNRL
6,12,10,2004,SCHEME OF BS(CHEMISTRY) 2004,40,GNRL
7,13,11,2004,BS (SOFTWARE ENGINEERING) 2000,40,GNRL
9,15,13,2004,SCHEME OF BS (ELECTRONICS) 2000,40,GNRL
12,18,25,2006,SCHEME OF GENETICS ENGINEERING -2006,40,GNRL
13,19,26,2004,SCHEME OF BOTANY 2000,40,GNRL
14,20,28,2004,SCHEME OF BS(FWBF ) 2004,40,GNRL
15,21,30,2004,SCHEME OF GEOGRAPHY - 2000,40,GNRL
16,22,32,2004,SCHEME OF BS(GEOLOGY) 2000,40,GNRL
17,23,34,2004,SCHEME OF BS(MICROBIOLOGY) 2004,40,GNRL
18,24,36,2004,SCHEME OF BS(PHYSICS) 2004,40,GNRL
19,25,38,2004,SCHEME OF PHYSIOLOGY 2000,40,GNRL
20,26,40,2004,SCHEME OF STATISTICS 2000 (2k4 Batch),40,GNRL
21,27,42,2004,SCHEME OF ZOOLOGY 2000,40,GNRL
22,29,48,2007,SCHEME OF WOMEN DEVELOPMENT STUDIES 2000,40,GNRL
24,31,50,2004,SCHEME OF GENERAL HISTORY 2000,40,GNRL
25,32,53,2004,SCHEME OF INTERNATIONAL RELATIONS 2000,40,GNRL
26,33,57,2005,MLIS 2005,40,GNRL
27,34,58,2004,SCHEME OF BA.(H) MASS COMMUNICATION 2000,40,GNRL
28,34,,2002,SCHEME OF CENTRE FOR RURAL DEVELOPMENT STUDIES,40,GNRL
29,36,61,2004,SCHEME OF POLITICAL SCIENCES 2000,40,GNRL
31,38,76,2004,SCHEME OF BPA 2004,50,GNRL
32,39,79,2004,SCHEME OF SOCIOLOGY 2000,40,GNRL
33,40,82,2004,SCHEME OF SOCIAL WORK 2000,40,GNRL
34,41,85,2005,SCHEME OF MSc. (CRIMNOLOGY) 2005,40,GNRL
35,42,110,2004,SCHEME OF COMMERCE,40,GNRL
37,46,97,2004,SCHEME OF PHILOSOPHY 2000,40,GNRL
38,47,86,2004,SCHEME OF SINDHI 2000,40,GNRL
39,48,92,2004,SCHEME OF URDU 2000,40,GNRL
40,49,100,2004,SCHEME OF BA.(PASS) ARTS & DESIGN 2000,40,GNRL
41,50,102,2004,SCHEME OF  BA (H) ARABIC 2004,40,GNRL
42,51,105,2010,SCHEME OF PERSIAN 2K10,40,GNRL
43,51,,2002,SCHEME OF CURRICULUM DEVELOPMENT & SPECIAL EDU.,40,GNRL
44,51,,2002,SCHEME OF CURRICULUM DEVELOPMENT & SPECIAL EDU,40,GNRL
45,57,62,2004,SCHEME OF ISLAMIC CULTURE 2000,40,GNRL
46,58,68,2004,SCHEME OF MUSLIM HISTORY 2000,40,GNRL
47,1,2,2004,SCHEME OF M.A. (H) - ECONOMICS (2K4),40,GNRL
48,2,5,2004,SCHEME OF MBA (H) 2K4,60,GNRL
50,12,24,2004,SCHEME OF M.Sc. (PASS) CHEMISTRY 2000,40,GNRL
51,19,27,2004, SCHEME OF M.Sc. (PASS) BOTANY,40,GNRL
52,20,29,2004, SCHEME OF M.Sc. (PASS) - (FWB&F) 2004,40,GNRL
53,21,31,2004, SCHEME OF M.Sc. (PASS) - GEOGRAPHY 2004,40,GNRL
54,22,33,2012, SCHEME OF M.PHIL (GEOLOGY) 2012,40,GNRL
55,23,35,2004, SCHEME OF M.Sc. (PASS) - MICROBIOLOGY,40,GNRL
56,24,37,2004, SCHEME OF M.Sc (PREVIOUS) PHYSICS 2000,40,GNRL
57,25,39,2004, SCHEME OF M.Sc (PASS) - PHYSIOLOGY 2000,40,GNRL
58,26,41,2013, SCHEME OF M.Sc. (PASS) - STATISTICS 2K13,40,GNRL
59,27,43,2004, SCHEME OF M.Sc. (PASS) - ZOOLOGY 2000,40,GNRL
60,29,47,2005,SCHEME M.Sc. (PASS) HOME ECONOMICS 2K5,40,GNRL
61,30,45,2004, SCHEME OF B.H.P.Ed.,40,GNRL
62,30,46,2004, SCHEME OF M.H.P.Ed 2000,40,GNRL
63,31,51,2004,SCHEME OF M.A. (H) GENERAL HISTORY (2K4),40,GNRL
64,32,54,2004,SCHEME OF M.A. (H) IR(2K4),40,GNRL
65,34,59,2004,SCHEME OF M.A. (H) - MASS COMMUNICATION,40,GNRL
67,37,74,2004,SCHEME OF M.A. (PASS) - PSYCHOLOGY 2000,40,GNRL
68,38,77,2004,SCHEME OF M.P.A. (H) 2K4,50,GNRL
69,39,80,2004,SCHEME OF M.A. (H) - SOCIOLOGY (2K4),40,GNRL
70,40,83,2004,SCHEME OF M.A. (H) - SOCIAL WORK (2K4),40,GNRL
71,42,111,2004,SCHEME OF M.COM (H),40,GNRL
72,45,95,2004,SCHEME OF M.A. (H) - ENGLISH (2K4),40,GNRL
73,47,87,2004,SCHEME OF M.A. (H) - SINDHI (2K4),40,GNRL
74,48,93,2004,SCHEME OF M.A. (H) URDU (2K4),40,GNRL
75,49,101,2004,SCHEME OF M.A. (PASS) - FINE ARTS 2000,40,GNRL
76,50,103,2004,SCHEME OF M.A. (H) - ARABIC 2K4,40,GNRL
77,51,106,2010,SCHEME OF M.A. (H) - PERSIAN 2K10,40,GNRL
78,57,65,2007,SCHEME OF B.A. (H) - RELIGION (2K7),40,GNRL
79,57,63,2004,SCHEME OF M.A. (H) - ISLAMIC CULTURE (2k4),40,GNRL
80,57,66,2007,SCHEME OF M.A. (H) - RELIGION,40,GNRL
81,58,69,2004,SCHEME OF M.A. (H) - MUSLIM HISTORY (2K4),40,GNRL
82,1,14,2004,SCHEME OF M.A. (PASS) -ECONOMICS 2000,40,GNRL
83,2,6,2004,SCHEME OF M.B.A (PASS) 2000,60,GNRL
84,10,108,2004,SCHEME OF M.Sc. (PASS) - COMPUTER SCIENCE,40,GNRL
85,10,23,2004,SCHEME OF MCS 2004 ((5) SEMESTER PROGRAM),40,GNRL
86,29,49,2008,PGD (COMMUNITY DEVELOPMENTt) 2K8,40,GNRL
87,31,52,2005,M.A. (PASS) GENERAL HISTORY 2005,40,GNRL
88,32,55,2004,M.A.(PASS) INTERNATIONAL RELATIONS 2004,40,GNRL
89,33,56,2005,PGD (LIS) 2K5,40,GNRL
90,34,60,2004,M.A. (PASS) - MASS COMMUNICATION 2004,40,GNRL
91,36,72,2005,M.A. (PASS) POLITICAL SCIENCES 2005,40,GNRL
92,37,75,2004,SCHEME OF M.Sc.(PASS) - PSYCHOLOGY 2004,40,GNRL
93,38,78,2004,SCHEME OF M.P.A (PASS) (2K4),50,GNRL
94,39,81,2004,SCHEME OF M.A (PASSS) - SOCIOLOGY 2000,40,GNRL
95,40,84,2004,SCHEME OF M.A. (PASS) - SOCIAL WORK 2000,40,GNRL
96,45,96,2004,SCHEME OF M.A (PREVOIUS) ENGLISH,40,GNRL
97,46,98,2007,SCHEME OF M.A. (PASS) - PHILOSOPHY 2004,40,GNRL
98,47,88,2004,SCHEME OF M.A. (PASS) - SINDHI 2000,40,GNRL
99,48,99,2004,SCHEME OF M.A. (PASS) - URDU 2000,40,GNRL
100,50,104,2004,SCHEME OF M.A. (PASS) - ARABIC 2004,40,GNRL
101,51,107,2004,SCHEME OF M.A. (PASS) - PERSIAN 2K4,40,GNRL
102,57,64,2004,MA (PASS) ISLAMIC CULTURE 2004,40,GNRL
103,57,67,2005,SCHEME OF M.A. (PASS) -RELIGION 2005,40,GNRL
104,58,70,2004,SCHEME OF M.A (PASS) -MUSLIM HISTORY 2004,40,GNRL
105,2,109,2005,SCHEME OF M.B.A. (PASS)-Three sems per yearEVENING,60,GNRL
106,61,115,2005,CENTRE OF ENVIRONMENTAL SCIENCES 2005,40,GNRL
108,63,117,2004,SCHEME OF PHARM. D. 2000,50,GNRL
109,42,112,2004,M. COM (PASS) 2000,40,GNRL
110,60,113,2005,BS (BIOCHEMISTRY) 2005,40,GNRL
111,60,114,2004,M.Sc. (PASS) BIOCHEMISTRY 2000,40,GNRL
114,25,38,2006,SCHEME OF PHYSIOLOGY 2006,40,GNRL
115,24,36,2005,Scheme of BS(Physics) 2005,40,GNRL
116,27,42,2005,Scheme of BS(Zoology) 2005,40,GNRL
117,27,43,1999, SCHEME OF M.Sc. (PASS) - ZOOLOGY 1999,40,GNRL
66,36,71,2004,SCHEME OF M.A. (H) - POLITICAL SCIENCES 2K4,40,GNRL
118,19,26,2005,Scheme of BS(Botany) 2005,40,GNRL
119,19,27,2005, SCHEME OF M.Sc. (PASS) BOTANY 2005,40,GNRL
121,64,118,2004,SCHEME OF BS(MATHEMATICS) 2004,40,GNRL
122,64,119,2004,M.Sc. (PREVIOUS) MATHEMATICS 2004,40,GNRL
126,8,7,2005,SCHEME OF BS(IT)  2005,40,GNRL
127,10,8,2004,BS Computer Science  (PE),40,ENGG
128,60,113,2004,BS (BIOCHEMISTRY) 2001,40,GNRL
129,18,25,2004,SCHEME OF GENETICS ENGINEERING -2001,40,GNRL
131,66,127,2004,SCHEME OF MA.(PASS) -PAKISTAN STUDY CENTER -2004,40,GNRL
130,10,123,2004,PGD (COMPUTER SCIENCE) 2004,40,GNRL
132,65,125,2004,SCHEME OF BIOTECHNOLOGY (PREVIOUS) 2000,40,GNRL
133,67,134,2004,B.Ed.   EDUCATION  2 Semester Programe,40,GNRL
136,67,137,2004,M.A.   EDUCATION  4 Semesters Programe,40,GNRL
137,37,120,2004,B.Sc (H) Psychology 2004,40,GNRL
134,67,135,2004,M.Ed.   EDUCATION  2 Semester Programe,40,GNRL
135,67,136,2004,B.A.  EDUCATION  6 Semesters Programe 2K4,40,GNRL
139,48,92,2005,SCHEME OF URDU 2005,40,GNRL
140,46,97,2005,SCHEME OF PHILOSOPHY 2005,40,GNRL
141,58,68,2005,SCHEME OF MUSLIM HISTORY 2005,40,GNRL
142,47,86,2005,SCHEME OF SINDHI 2005,40,GNRL
143,36,61,2005,SCHEME OF POLITICAL SCIENCES 2005,40,GNRL
144,39,79,2005,SCHEME OF SOCIOLOGY 2005,40,GNRL
145,67,136,2005,B.A.  EDUCATION  6 Semesters Programe 2K5,40,GNRL
146,1,1,2005,Scheme of B.A. Economics 2005,40,GNRL
147,32,53,2005,SCHEME OF INTERNATIONAL RELATIONS 2005,40,GNRL
148,57,62,2005,SCHEME OF ISLAMIC CULTURE 2005,40,GNRL
149,40,82,2005,SCHEME OF SOCIAL WORK 2005,40,GNRL
150,31,50,2005,SCHEME OF GENERAL HISTORY 2005,40,GNRL
36,45,94,2004,SCHEME OF BA.(H) ENGLISH 2000,40,GNRL
151,45,94,2005,SCHEME OF BA.(H) ENGLISH 2005,40,GNRL
30,37,73,2004,SCHEME OF BA(H ) PSYCHOLOGY 2000,40,GNRL
152,37,73,2005,SCHEME OF BA(H ) PSYCHOLOGY 2005,40,GNRL
153,34,58,2005,SCHEME OF BA.(H) MASS COMMUNICATION 2005,40,GNRL
154,45,96,2005,SCHEME OF M.A (PREVOIUS) ENGLISH,40,GNRL
155,47,88,2005,SCHEME OF M.A. (PASS) - SINDHI 2005,40,GNRL
156,64,118,2005,SCHEME OF BS(MATHEMATICS) 2005,40,GNRL
157,64,119,2005,M.Sc. (PREVIOUS) MATHEMATICS 2005,40,GNRL
177,14,12,2005,SCHEME OF BS(TELECOMMUNICATION) 2005,40,GNRL
159,27,43,2005, SCHEME OF M.Sc. (PASS) - ZOOLOGY 2005,40,GNRL
160,37,75,2005,SCHEME OF M.Sc.(PASS) - PSYCHOLOGY 2005,40,GNRL
161,60,114,2005,M.Sc. (PASS) BIOCHEMISTRY 2005,40,GNRL
162,24,37,2005, SCHEME OF M.Sc (PREVIOUS) PHYSICS 2005,40,GNRL
170,32,55,2005,M.A.(PASS) INTERNATIONAL RELATIONS 2005,40,GNRL
163,34,60,2005,M.A. (PASS) - MASS COMMUNICATION 2005,40,GNRL
164,49,101,2005,SCHEME OF M.A. (PASS) - FINE ARTS 2005,40,GNRL
165,57,64,2005,MA (PASS) ISLAMIC CULTURE 2005,40,GNRL
166,48,99,2005,SCHEME OF M.A. (PASS) - URDU 2005,40,GNRL
167,58,70,2005,SCHEME OF M.A (PASS) -MUSLIM HISTORY 2005,40,GNRL
168,39,81,2005,SCHEME OF M.A (PASSS) - SOCIOLOGY 2005,40,GNRL
169,1,14,2005,SCHEME OF M.A. (PASS) -ECONOMICS 2005,40,GNRL
171,20,28,2005,SCHEME OF BS(FWBF ) 2005,40,GNRL
172,22,32,2005,SCHEME OF BS(GEOLOGY) 2005,40,GNRL
173,23,34,2005,SCHEME OF BS(MICROBIOLOGY) 2005,40,GNRL
174,26,40,2005,SCHEME OF BS(STATISTICS) 2005,40,GNRL
175,15,13,2005,SCHEME OF BS (ELECTRONICS) 2005,40,GNRL
176,13,11,2005,BS (SOFTWARE ENGINEERING) 2005,40,GNRL
8,14,12,2004,SCHEME OF BS(TELECOMMUNICATION) 2000,40,GNRL
178,10,108,2005,MSc.(PASS) COMPUTER SCIENCE 2005,40,GNRL
179,38,76,2005,SCHEME OF BPA 2005,50,GNRL
183,21,30,2005,SCHEME OF BS(GEOGRAPHY) 2005,40,GNRL
180,21,31,2005, SCHEME OF MSc.(PASS) -GEOGRAPHY 2005,40,GNRL
181,63,117,2005,SCHEME OF PHARM. D. 2005,50,GNRL
182,12,10,2005,SCHEME OF BS(CHEMISTRY) 2005,40,GNRL
184,66,127,2005,SCHEME OF MA.(PASS) -PAKISTAN STUDY CENTER -2005,40,GNRL
185,40,84,2005,SCHEME OF M.A. (PASS) - SOCIAL WORK 2005,40,GNRL
186,2,4,2005,Scheme of BBA (H) 2005,60,GNRL
187,12,24,2005,SCHEME OF M.Sc. (PASS) CHEMISTRY 2005,40,GNRL
188,65,125,2005,SCHEME OF BIOTECH. MSc (Pass) 2005,40,GNRL
189,38,78,2005,SCHEME OF M.P.A (PASS) (2K5),50,GNRL
190,2,6,2005,SCHEME OF M.B.A (PASS) 2005,60,GNRL
191,18,25,2005,SCHEME OF GENETICS ENGINEERING -2005,40,GNRL
192,10,8,2005,BS Computer Science  (PM&COM),40,MEDL
193,10,8,2005,BS Computer Science  (PE),40,ENGG
194,25,39,2005, SCHEME OF M.Sc (PASS) - PHYSIOLOGY 2005,40,GNRL
195,25,38,2005,SCHEME OF PHYSIOLOGY 2005,40,GNRL
196,10,123,2005,PGD (COMPUTER SCIENCE) 2005,40,GNRL
197,42,110,2005,SCHEME OF COMMERCE,40,GNRL
198,42,112,2005,M. COM (PASS) 2005,40,GNRL
199,10,23,2005,SCHEME OF MCS 2005,40,GNRL
200,49,139,2005,BACHELOR OF DESIGN (2K5),40,GNRL
201,21,140,2004,SCHEME OF BA (H) GEOGRAPHY,40,GNRL
202,30,45,2005, SCHEME OF B.H.P.Ed.,40,GNRL
203,30,46,2005, SCHEME OF M.H.P.Ed 2005,40,GNRL
204,37,120,2005,B.Sc (H) Psychology 2005,40,GNRL
205,67,135,2005,M.Ed.   EDUCATION  2 Semester Programe 2K5,40,GNRL
206,67,134,2005,B.Ed.   EDUCATION  3 Semester Programe,40,GNRL
207,67,137,2005,M.A.   EDUCATION  4 Semesters Programe,40,GNRL
208,30,141,2005,SCHEME OF BS (HPED) YEAR 2005,40,GNRL
209,63,117,2006,SCHEME OF PHARM. D. 2006,50,GNRL
210,42,110,2006,SCHEME OF COMMERCE,40,GNRL
211,42,112,2006,M. COM (PASS) 2006,40,GNRL
212,2,4,2006,Scheme of BBA (H) 2006,60,GNRL
213,2,6,2006,SCHEME OF M.B.A (PASS) 2006,60,GNRL
214,19,26,2006,Scheme of BS(Botany) 2006,40,GNRL
215,19,27,2006, SCHEME OF M.Sc. (PASS) BOTANY 2006,40,GNRL
216,8,7,2006,SCHEME OF BS(IT)  2K6,40,GNRL
217,13,11,2006,BS (SOFTWARE ENGINEERING) 2006,40,GNRL
218,14,12,2006,SCHEME OF BS(TELECOMMUNICATION) 2006,40,GNRL
219,15,13,2006,SCHEME OF BS (ELECTRONICS) 2006,40,GNRL
220,22,32,2006,SCHEME OF BS(GEOLOGY) 2006,40,GNRL
221,23,34,2006,SCHEME OF BS(MICROBIOLOGY) 2K6,40,GNRL
222,26,40,2006,SCHEME OF BS(STATISTICS) 2006,40,GNRL
223,24,36,2006,Scheme of BS(Physics) 2006,40,GNRL
224,24,37,2006, SCHEME OF M.Sc (PREVIOUS) PHYSICS 2006,40,GNRL
225,27,42,2006,Scheme of BS(Zoology) 2006,40,GNRL
226,27,43,2006, SCHEME OF M.Sc. (PASS) - ZOOLOGY 2006,40,GNRL
227,21,30,2006,SCHEME OF BS(GEOGRAPHY) 2006,40,GNRL
228,25,39,2006, SCHEME OF M.Sc (PASS) - PHYSIOLOGY 2006,40,GNRL
229,60,113,2006,BS (BIOCHEMISTRY) 2006,40,GNRL
230,60,114,2006,M.Sc. (PASS) BIOCHEMISTRY 2006,40,GNRL
231,65,125,2006,SCHEME OF BIOTECH. MSc (Pass) 2006,40,GNRL
232,12,10,2006,SCHEME OF BS(CHEMISTRY) 2006,40,GNRL
233,12,24,2006,SCHEME OF M.Sc. (PASS) CHEMISTRY 2006,40,GNRL
234,64,118,2006,SCHEME OF BS(MATHEMATICS) 2006,40,GNRL
235,64,119,2006,M.Sc. (PREVIOUS) MATHEMATICS 2006,40,GNRL
236,20,28,2006,SCHEME OF BS(FWBF ) 2006,40,GNRL
237,20,29,2006, SCHEME OF M.Sc. (PASS) - (FWB&F) 2006,40,GNRL
238,45,94,2006,SCHEME OF BA.(H) ENGLISH 2006,40,GNRL
239,45,96,2006,SCHEME OF M.A (PASS) PREVOIUS (ENGLISH) 2006,40,GNRL
240,49,139,2006,BACHELOR OF DESIGN (2K6),40,GNRL
241,47,86,2006,SCHEME OF SINDHI 2006,40,GNRL
242,47,88,2006,SCHEME OF M.A. (PASS) - SINDHI 2006,40,GNRL
243,46,97,2006,SCHEME OF PHILOSOPHY 2006,40,GNRL
245,1,14,2006,SCHEME OF M.A. (PASS) -ECONOMICS 2006,40,GNRL
244,1,142,2006,BS (ECONOMICS) 2K6,40,GNRL
246,34,143,2006,BS(MASS COMMUNICATION) 2006,40,GNRL
247,34,60,2006,M.A. (PASS) - MASS COMMUNICATION 2006,40,GNRL
248,37,138,2006,BS(PSYCHOLOGY) 2K6,40,GNRL
249,31,144,2006,BS(GENERAL HISTORY) 2006,40,GNRL
250,39,145,2006,BS (SOCIOLOGY) 2006,40,GNRL
251,32,146,2006,BS(INTERNATIONAL RELATIONS) 2006,40,GNRL
252,36,147,2006,BS(POLITICAL SCIENCE) 2006,40,GNRL
253,40,148,2006,BS(SOCIAL WORK) 2006,40,GNRL
254,16,149,2006,BS (SDSC) 2006,40,GNRL
255,10,8,2006,BS(CS)   (PM&COM) 2006,40,MEDL
256,10,8,2006,BS(CS)   (P.E.) 2006,40,ENGG
257,10,23,2006,SCHEME OF MCS 2K6,40,GNRL
258,10,108,2006,MSc.(PASS) COMPUTER SCIENCE 2K6,40,GNRL
259,10,123,2006,PGD (COMPUTER SCIENCE) 2K6,40,GNRL
260,49,101,2006,SCHEME OF M.A. (PASS) - FINE ARTS 2006,40,GNRL
261,31,52,2006,M.A. (PASS) GENERAL HISTORY 2006,40,GNRL
262,32,55,2006,M.A.(PASS) INTERNATIONAL RELATIONS 2006,40,GNRL
263,58,70,2006,M.A (PASS) -MUSLIM HISTORY 2006,40,GNRL
264,37,75,2006,SCHEME OF M.Sc.(PASS) - PSYCHOLOGY 2006,40,GNRL
265,39,81,2006,SCHEME OF M.A (PASSS) - SOCIOLOGY 2006,40,GNRL
266,48,99,2006,SCHEME OF M.A. (PASS) - URDU 2006,40,GNRL
278,66,127,2006,SCHEME OF MA.(PASS) -PAKISTAN STUDY CENTER -2006,40,GNRL
268,38,78,2006,SCHEME OF M.P.A (PASS) (2K6) MORNING,50,MORN
269,61,115,2006,CENTRE OF ENVIRONMENTAL SCIENCES 2006,40,GNRL
270,40,84,2006,SCHEME OF M.A. (PASS) - SOCIAL WORK 2006,40,GNRL
271,37,74,2006,SCHEME OF M.A. (PASS) - PSYCHOLOGY 2006,40,GNRL
272,36,72,2006,M.A. (PASS) POLITICAL SCIENCES 2006,40,GNRL
273,48,92,2006,SCHEME OF URDU 2006,40,GNRL
274,58,68,2006,SCHEME OF MUSLIM HISTORY 2006,40,GNRL
275,57,62,2006,SCHEME OF ISLAMIC CULTURE 2006,40,GNRL
276,21,31,2006, SCHEME OF MSc.(PASS) -GEOGRAPHY 2006,40,GNRL
277,38,150,2006,BS (PUBLIC ADMINISTRATION) 2K6,50,GNRL
279,41,85,2006,SCHEME OF MSc. (CRIMNOLOGY) 2006,40,GNRL
280,33,56,2006,PGD (LIS) 2K6,40,GNRL
281,33,57,2006,MLIS 2006,40,GNRL
282,38,76,2006,SCHEME OF BPA 2006,50,GNRL
283,29,47,2006,SCHEME M.Sc. (PASS) HOME ECONOMICS 2K6,40,GNRL
284,50,102,2006,SCHEME OF  BA (H) ARABIC 2006,40,GNRL
285,50,104,2006,SCHEME OF M.A. (PASS) - ARABIC 2006,40,GNRL
286,67,136,2006,B.A.  EDUCATION  6 Semesters Programe 2K6,40,GNRL
287,67,137,2006,M.A.   EDUCATION  4 Semesters Programe,40,GNRL
288,57,64,2006,MA (PASS) ISLAMIC CULTURE 2006,40,GNRL
289,30,141,2006,SCHEME OF BS (HPED) YEAR 2006,40,GNRL
290,37,152,2006,BS (PSYCHOLOGY) SCIENCE (2K6),40,GNRL
291,38,153,2006,PGD (PUBLIC ADMINISTRATION) (2K6),50,GNRL
292,38,78,2006,SCHEME OF M.P.A (PASS) (2K6) EVENING,50,EVEN
293,49,139,2007,BACHELOR OF DESIGN (2K7),40,GNRL
294,60,113,2007,BS (BIOCHEMISTRY) 2K7,40,GNRL
295,60,114,2007,M.Sc. (PASS) BIOCHEMISTRY (2K7),40,GNRL
296,65,125,2007,SCHEME OF BIOTECH. MSc (Pass) 2K7,40,GNRL
297,19,26,2007,Scheme of BS(BOTANY) 2K7,40,GNRL
298,19,27,2007, SCHEME OF M.Sc. (PASS) BOTANY (2K7),40,GNRL
299,2,4,2007,Scheme of BBA (H) 2K7 (4-YEAR),60,GNRL
300,2,6,2007,SCHEME OF M.B.A (PASS) 2K7,60,GNRL
301,2,109,2006,SCHEME OF M.B.A. (PASS)-Three sems per yearEVENING,60,GNRL
302,30,141,2007,SCHEME OF BS (HPED) YEAR 2K7,40,GNRL
303,30,45,2006, SCHEME OF B.H.P.Ed.2006,40,GNRL
304,30,46,2006, SCHEME OF M.H.P.Ed 2006,40,GNRL
305,22,32,2007,SCHEME OF BS(GEOLOGY) 2K7,40,GNRL
306,61,115,2007,CENTRE OF ENVIRONMENTAL SCIENCES 2K7,40,GNRL
307,12,10,2007,SCHEME OF BS(CHEMISTRY) 2K7,40,GNRL
308,12,24,2007,SCHEME OF M.Sc. (PASS) CHEMISTRY 2K7,40,GNRL
309,42,112,2007,M. COM (PASS) 2K7,40,GNRL
310,57,62,2007,SCHEME OF ISLAMIC CULTURE 2K7,40,GNRL
311,57,64,2007,MA (PASS) ISLAMIC CULTURE 2K7,40,GNRL
312,41,85,2007,SCHEME OF MSc. (CRIMNOLOGY) 2K7,40,GNRL
313,1,14,2007,SCHEME OF M.A. (PASS) -ECONOMICS 2K7,40,GNRL
314,1,142,2007,BS (ECONOMICS) 2K7,40,GNRL
315,67,134,2006,B.Ed.   EDUCATION  3 Semester Programe 2K6,40,GNRL
316,67,135,2006,M.Ed. EDUCATION  2 Semester Programe 2K6,40,GNRL
317,67,137,2007,M.A.   EDUCATION  SPRING SESSION 2K7,40,GNRL
318,15,13,2007,SCHEME OF BS (ELECTRONICS) 2K7,40,GNRL
319,45,94,2007,SCHEME OF BA.(H) ENGLISH 2K7,40,GNRL
320,45,96,2007,M.A (PASS) PREVOIUS (ENGLISH) 2K7,40,GNRL
321,20,28,2007,SCHEME OF BS(FWBF ) 2K7,40,GNRL
322,31,144,2007,BS(GENERAL HISTORY) 2K7,40,GNRL
323,18,25,2007,SCHEME OF GENETICS ENGINEERING -2K7,40,GNRL
324,42,155,2007,BS (COMMERCE) 2K7,40,GNRL
325,21,30,2007,SCHEME OF BS(GEOGRAPHY) 2K7,40,GNRL
326,32,146,2007,BS(INTERNATIONAL RELATIONS) 2K7,40,GNRL
327,32,55,2007,M.A.(PASS) INTERNATIONAL RELATIONS 2K7,40,GNRL
328,27,42,2007,Scheme of BS(ZOOLOGY) 2K7,40,GNRL
329,27,43,2007, SCHEME OF M.Sc. (PASS) - ZOOLOGY 2K7,40,GNRL
330,29,47,2007,SCHEME M.Sc. (PASS) HOME ECONOMICS 2K7,40,GNRL
331,48,92,2007,SCHEME OF URDU 2K7,40,GNRL
332,48,99,2007,SCHEME OF M.A. (PASS) - URDU 2K7,40,GNRL
333,14,12,2007,SCHEME OF BS(TELECOMMUNICATION) 2K7,40,GNRL
334,26,40,2007,SCHEME OF BS(STATISTICS) 2K7,40,GNRL
335,13,11,2007,BS (SOFTWARE ENGINEERING) 2K7,40,GNRL
336,39,145,2007,BS (SOCIOLOGY) 2K7,40,GNRL
337,39,81,2007,SCHEME OF M.A (PASSS) - SOCIOLOGY 2K7,40,GNRL
338,40,84,2007,SCHEME OF M.A. (PASS) - SOCIAL WORK 2K7,40,GNRL
339,40,148,2007,BS(SOCIAL WORK) 2K7,40,GNRL
340,47,86,2007,SCHEME OF SINDHI 2K7,40,GNRL
341,47,88,2007,SCHEME OF M.A. (PASS) - SINDHI 2K7,40,GNRL
342,16,149,2007,BS (SDSC) 2K7,40,GNRL
343,38,78,2007,SCHEME OF M.P.A (PASS) (2K7) MORNING,50,MORN
344,38,150,2007,BS (PUBLIC ADMINISTRATION) 2K7,50,GNRL
345,37,138,2007,BS(PSYCHOLOGY) 2K7,40,GNRL
346,37,152,2007,BS (PSYCHOLOGY) SCIENCE (2K7),40,GNRL
347,37,74,2007,SCHEME OF M.A. (PASS) - PSYCHOLOGY 2K7,40,GNRL
348,37,75,2007,SCHEME OF M.Sc.(PASS) - PSYCHOLOGY 2K7,40,GNRL
349,36,72,2007,M.A. (PASS) POLITICAL SCIENCES 2K7,40,GNRL
350,36,147,2007,BS(POLITICAL SCIENCE) 2K7,40,GNRL
351,25,38,2007,SCHEME OF PHYSIOLOGY 2K7,40,GNRL
352,25,39,2007, SCHEME OF M.Sc (PASS) - PHYSIOLOGY 2K7,40,GNRL
353,24,37,2007, SCHEME OF M.Sc (PREVIOUS) PHYSICS 2K7,40,GNRL
354,24,36,2007,Scheme of BS(Physics) 2K7,40,GNRL
355,46,97,2007,SCHEME OF PHILOSOPHY 2K7,40,GNRL
356,63,117,2007,SCHEME OF PHARM. D. 2K7,50,GNRL
357,66,127,2007,MA.(PASS) -PAKISTAN STUDY CENTER -2K7,40,GNRL
358,58,68,2007,SCHEME OF MUSLIM HISTORY 2K7,40,GNRL
359,58,70,2007,M.A (PASS) -MUSLIM HISTORY 2K7,40,GNRL
360,23,34,2007,SCHEME OF BS(MICROBIOLOGY) 2K7,40,GNRL
361,64,118,2007,SCHEME OF BS (MATHEMATICS) 2K7,40,GNRL
362,64,119,2007,M.Sc. (PREVIOUS) MATHEMATICS 2K7,40,GNRL
363,34,60,2007,M.A. (PASS) - MASS COMMUNICATION 2K7,40,GNRL
364,34,143,2007,BS(MASS COMMUNICATION) 2K7,40,GNRL
365,33,56,2007,PGD (LIS) 2K7,40,GNRL
366,33,57,2007,MLIS 2K7,40,GNRL
367,10,8,2007,BS(CS)   (PM&COM) 2K7,40,MEDL
368,10,8,2007,BS(CS)   (P.E.) 2K7,40,ENGG
369,10,23,2007,SCHEME OF MCS 2K7,40,GNRL
370,10,108,2007,M.Sc. (PASS) COMPUTER SCIENCE 2K7,40,GNRL
371,10,123,2007,PGD (COMPUTER SCIENCE) 2K7,40,GNRL
372,8,7,2007,SCHEME OF BS(IT)  2K7,40,GNRL
373,30,45,2007, SCHEME OF B.H.P.Ed. 2007,40,GNRL
374,30,46,2007, SCHEME OF M.H.P.Ed 2007,40,GNRL
375,71,158,2005,M.Sc. (PASS) TELEMEDICINE & E-HEALTH,40,GNRL
376,38,153,2007,PGD (PUBLIC ADMINISTRATION) (2K7),50,GNRL
377,38,78,2007,SCHEME OF M.P.A (PASS) (2K7) EVENING,50,EVEN
378,31,52,2007,M.A. (PASS) GENERAL HISTORY 2007,40,GNRL
379,20,29,2007, SCHEME OF M.Sc. (PASS) - (FWB&F) 2007,40,GNRL
380,21,31,2007, SCHEME OF MSc.(PASS) -GEOGRAPHY 2007,40,GNRL
381,50,104,2007,SCHEME OF M.A. (PASS) - ARABIC 2007,40,GNRL
382,37,157,2004,M.Sc. (H) PSYCHOLOGY (2K4),40,GNRL
383,37,156,2004,M.A. (HONS) PSYCHOLOGY (2K4),40,GNRL
384,72,159,2007,B.B.A. (H) 2K7,60,GNRL
385,72,160,2007,BS (COMMERCE) 2K7,40,GNRL
386,72,161,2007,BS (COMPUTER SCIENCE) P.M. 2K7,40,MEDL
387,72,161,2007,BS (COMPUTER SCIENCE) P.E. 2K7,40,ENGG
388,67,162,2004,M.A. (H) EDUCATION 2004 BATCH,40,GNRL
389,58,69,2005,SCHEME OF M.A. (H) - MUSLIM HISTORY (2K5),40,GNRL
390,67,136,2007,B.A.  EDUCATION  6 Semesters Programe 2K7,40,GNRL
391,49,139,2008,BACHELOR OF DESIGN (2K8),40,GNRL
392,60,113,2008,BS (BIOCHEMISTRY) 2K8,40,GNRL
393,60,114,2008,M.Sc. (PASS) BIOCHEMISTRY (2K8),40,GNRL
394,65,125,2008,SCHEME OF BIOTECH. MSc (Pass) 2K8,40,GNRL
395,19,26,2008,Scheme of BS (BOTANY) 2K8,40,GNRL
396,19,27,2008, SCHEME OF M.Sc. (PASS) BOTANY (2K8),40,GNRL
397,2,4,2008,Scheme of BBA (H) 2K8,60,GNRL
398,2,5,2005,SCHEME OF MBA (H) 2K5,60,GNRL
399,2,6,2008,SCHEME OF M.B.A (PASS) 2K8,60,GNRL
400,2,109,2007,M.B.A. (PASS) EVENING 03 Semster/ year  (2K7),60,GNRL
401,30,45,2008, SCHEME OF B.H.P.Ed. (2K8),40,GNRL
402,30,46,2008, SCHEME OF M.H.P.Ed (2K8),40,GNRL
403,30,141,2008,SCHEME OF BS (HPED) YEAR 2K8,40,GNRL
404,22,32,2008,SCHEME OF BS(GEOLOGY) 2K8,40,GNRL
405,61,115,2008,CENTRE OF ENVIRONMENTAL SCIENCES 2K8,40,GNRL
406,12,10,2008,SCHEME OF BS(CHEMISTRY) 2K8,40,GNRL
407,12,24,2008,SCHEME OF M.Sc. (PASS) CHEMISTRY (2K8),40,GNRL
408,42,111,2005,SCHEME OF M.COM (H) (2K5),40,GNRL
409,42,112,2008,M. COM (PASS) 2K8,40,GNRL
410,42,155,2008,BS (COMMERCE) 2K8,40,GNRL
411,57,62,2008,SCHEME OF ISLAMIC CULTURE (2K8),40,GNRL
412,38,163,2006,M.P.A FINAL (P.G.D SIDE) 2006,50,GNRL
413,67,134,2007,B.Ed.   EDUCATION  2 Semester Programe 2K7,40,GNRL
414,67,134,2008,B.Ed.   EDUCATION  2 Semester Programe 2K8,40,GNRL
415,67,135,2007,M.Ed. EDUCATION  2 Semester Programe 2K7,40,GNRL
416,57,63,2005,SCHEME OF M.A. (H) - ISLAMIC CULTURE (2k5),40,GNRL
417,10,8,2008,BS(CS)   (PM&COM) 2K8,40,MEDL
418,10,8,2008,BS(CS)   (P.E.) 2K8,40,ENGG
419,10,23,2008,SCHEME OF MCS 2K8,40,GNRL
420,10,108,2008,M.Sc. (PASS) COMPUTER SCIENCE 2K8,40,GNRL
421,10,123,2008,PGD (COMPUTER SCIENCE) 2K8,40,GNRL
422,41,85,2008,SCHEME OF MSc. (CRIMNOLOGY) 2K8,40,GNRL
423,1,14,2008,SCHEME OF M.A. (PASS) -ECONOMICS 2K8,40,GNRL
424,1,142,2008,BS (ECONOMICS) 2K8,40,GNRL
425,67,135,2008,M.Ed. EDUCATION  2 Semester Programe 2K8,40,GNRL
426,67,137,2007,M.A.   EDUCATION  FALL SESSION 2K7,40,GNRL
427,15,13,2008,SCHEME OF BS (ELECTRONICS) 2K8,40,GNRL
428,45,94,2008,SCHEME OF BA.(H) ENGLISH 2K8,40,GNRL
429,45,96,2008,M.A (PASS) PREVOIUS (ENGLISH) 2K8,40,GNRL
430,20,28,2008,SCHEME OF BS(FWBF ) 2K8,40,GNRL
431,31,144,2008,BS(GENERAL HISTORY) 2K8,40,GNRL
432,18,25,2008,SCHEME OF GENETICS ENGINEERING -2K8,40,GNRL
433,21,30,2008,SCHEME OF BS(GEOGRAPHY) 2K8,40,GNRL
434,21,31,2008, SCHEME OF MSc.(PASS) -GEOGRAPHY 2008,40,GNRL
435,8,7,2008,SCHEME OF BS(IT)  2K8,40,GNRL
436,32,55,2008,M.A.(PASS) INTERNATIONAL RELATIONS 2K8,40,GNRL
437,32,146,2008,BS(INTERNATIONAL RELATIONS) 2K8,40,GNRL
438,33,56,2008,PGD (LIS) 2K8,40,GNRL
439,33,57,2008,MLIS 2K8,40,GNRL
440,34,60,2008,M.A. (PASS) - MASS COMMUNICATION 2K8,40,GNRL
441,34,143,2008,BS(MASS COMMUNICATION) 2K8,40,GNRL
442,64,118,2008,SCHEME OF BS (MATHEMATICS) 2K8,40,GNRL
443,64,119,2008,M.Sc. (PREVIOUS) MATHEMATICS 2K8,40,GNRL
444,23,34,2008,SCHEME OF BS(MICROBIOLOGY) 2K8,40,GNRL
445,58,68,2008,SCHEME OF MUSLIM HISTORY 2K8,40,GNRL
446,58,70,2008,M.A (PASS) -MUSLIM HISTORY 2K8,40,GNRL
447,66,127,2008,MA.(PASS) -PAKISTAN STUDY CENTER -2K8,40,GNRL
448,63,117,2008,SCHEME OF PHARM. D. 2K8,50,GNRL
449,46,97,2008,SCHEME OF PHILOSOPHY 2K8,40,GNRL
450,24,36,2008,Scheme of BS(Physics) 2K8,40,GNRL
451,24,37,2008, SCHEME OF M.Sc (PREVIOUS) PHYSICS 2K8,40,GNRL
452,25,38,2008,SCHEME OF PHYSIOLOGY 2K8,40,GNRL
453,25,39,2008, SCHEME OF M.Sc (PASS) - PHYSIOLOGY 2K8,40,GNRL
454,36,72,2008,M.A. (PASS) POLITICAL SCIENCES 2K8,40,GNRL
455,36,147,2008,BS(POLITICAL SCIENCE) 2K8,40,GNRL
456,37,75,2008,SCHEME OF M.Sc.(PASS) - PSYCHOLOGY 2K8,40,GNRL
457,37,138,2008,BS(PSYCHOLOGY) 2K8 SOCIAL SCIENCES,40,GNRL
458,37,152,2008,BS (PSYCHOLOGY) SCIENCE (2K8),40,GNRL
461,16,149,2008,BS (SDSC) 2K8,40,GNRL
459,38,150,2008,BS (PUBLIC ADMINISTRATION) 2K8,50,GNRL
460,38,153,2008,PGD (PUBLIC ADMINISTRATION) (2K8),50,GNRL
462,72,159,2008,B.B.A. (H) 2K8,60,GNRL
463,72,160,2008,BS (COMMERCE) 2K8,40,GNRL
464,72,161,2008,BS (COMPUTER SCIENCE) P.M. 2K8,40,MEDL
465,72,161,2008,BS (COMPUTER SCIENCE) P.E. 2K8,40,ENGG
466,47,86,2008,SCHEME OF SINDHI 2K8,40,GNRL
467,47,88,2008,SCHEME OF M.A. (PASS) - SINDHI 2K8,40,GNRL
468,40,84,2008,SCHEME OF M.A. (PASS) - SOCIAL WORK 2K8,40,GNRL
469,40,148,2008,BS(SOCIAL WORK) 2K8,40,GNRL
470,39,81,2008,SCHEME OF M.A (PASSS) - SOCIOLOGY 2K8,40,GNRL
471,39,145,2008,BS (SOCIOLOGY) 2K8,40,GNRL
472,13,11,2008,BS (SOFTWARE ENGINEERING) 2K8,40,GNRL
473,26,40,2008,SCHEME OF BS(STATISTICS) 2K8,40,GNRL
474,14,12,2008,SCHEME OF BS(TELECOMMUNICATION) 2K8,40,GNRL
475,48,92,2008,SCHEME OF URDU 2K8,40,GNRL
476,48,99,2008,SCHEME OF M.A. (PASS) - URDU 2K8,40,GNRL
477,27,42,2008,Scheme of BS(ZOOLOGY) 2K8,40,GNRL
478,27,43,2008, SCHEME OF M.Sc. (PASS) - ZOOLOGY 2K8,40,GNRL
479,67,136,2008,B.A.  EDUCATION  6 Semesters Programe 2K8,40,GNRL
480,38,78,2008,SCHEME OF M.P.A (PASS) (2K8) MORNING,50,MORN
481,38,78,2008,SCHEME OF M.P.A (PASS) (2K8) EVENING,50,EVEN
482,2,5,2006,SCHEME OF MBA (H) 2K6,60,GNRL
483,42,111,2006,,40,GNRL
484,57,63,2006,SCHEME OF M.A. (H) - ISLAMIC CULTURE (2k6),40,GNRL
485,57,63,2007,SCHEME OF M.A. (H) - ISLAMIC CULTURE (2k7),40,GNRL
486,57,63,2008,SCHEME OF M.A. (H) - ISLAMIC CULTURE (2k8),40,GNRL
487,1,2,2005,SCHEME OF M.A. (H) - ECONOMICS (2K5),40,GNRL
488,45,95,2005,SCHEME OF M.A. (H) - ENGLISH (2K5),40,GNRL
489,45,95,2006,SCHEME OF M.A. (H) - ENGLISH (2K6),40,GNRL
490,45,95,2007,SCHEME OF M.A. (H) - ENGLISH (2K7),40,GNRL
491,45,95,2008,SCHEME OF M.A. (H) - ENGLISH (2K8),40,GNRL
492,31,51,2005,SCHEME OF M.A. (H) GENERAL HISTORY (2K5),40,GNRL
493,32,54,2005,SCHEME OF M.A. (H) IR(2K5),40,GNRL
494,34,59,2005,SCHEME OF M.A. (H) - MASS COMMUNICATION,40,GNRL
495,58,69,2006,SCHEME OF M.A. (H) - MUSLIM HISTORY (2K6),40,GNRL
496,58,69,2007,SCHEME OF M.A. (H) - MUSLIM HISTORY (2K7),40,GNRL
497,58,69,2008,SCHEME OF M.A. (H) - MUSLIM HISTORY (2K8),40,GNRL
498,36,71,2005,SCHEME OF M.A. (H) - POLITICAL SCIENCES 2K5,40,GNRL
499,38,77,2005,SCHEME OF M.P.A. (H) 2K5,50,GNRL
500,47,87,2005,SCHEME OF M.A. (H) - SINDHI (2K5),40,GNRL
501,47,87,2006,SCHEME OF M.A. (H) - SINDHI (2K6),40,GNRL
502,47,87,2007,SCHEME OF M.A. (H) - SINDHI (2K7),40,GNRL
503,47,87,2008,SCHEME OF M.A. (H) - SINDHI (2K8),40,GNRL
504,40,83,2005,SCHEME OF M.A. (H) - SOCIAL WORK (2K5),40,GNRL
505,39,80,2005,SCHEME OF M.A. (H) - SOCIOLOGY (2K5),40,GNRL
506,48,93,2005,SCHEME OF M.A. (H) URDU (2K5),40,GNRL
507,48,93,2006,SCHEME OF M.A. (H) URDU (2K6),40,GNRL
508,48,93,2007,SCHEME OF M.A. (H) URDU (2K7),40,GNRL
509,48,93,2008,SCHEME OF M.A. (H) URDU (2K8),40,GNRL
510,73,164,2008,SCHEME OF BS (ANTHROPOLOGY & A) 2008,40,GNRL
511,63,166,2007,PHARM-D CONDENSED COURSE 2K7,50,GNRL
512,57,64,2008,MA (PASS) ISLAMIC CULTURE 2K8,40,GNRL
513,67,137,2008,M.A.  EDUCATION  4 Semester Programe 2K8,40,GNRL
514,67,162,2005,M.A. (H) EDUCATION 2K5 BATCH,40,GNRL
515,37,157,2005,M.Sc. (H) PSYCHOLOGY (2K5),40,GNRL
516,50,104,2008,SCHEME OF M.A. (PASS) - ARABIC 2008,40,GNRL
517,50,102,2008,SCHEME OF  BA (H) ARABIC 2008,40,GNRL
518,37,74,2008,SCHEME OF M.A. (PASS) - PSYCHOLOGY 2K8,40,GNRL
519,37,156,2005,M.A. (HONS) PSYCHOLOGY (2K5),40,GNRL
520,29,47,2008,SCHEME M.Sc. (PASS) HOME ECONOMICS 2K8,40,GNRL
521,29,48,2008,SCHEME OF WOMEN DEVELOPMENT STUDIES 2K8,40,GNRL
522,20,29,2008, SCHEME OF M.Sc. (PASS) - (FWB&F) 2008,40,GNRL
523,72,167,2008,M.B.A. (EVENING) 2K8,60,GNRL
524,57,65,2008,SCHEME OF B.A. (H) - RELIGION (2K8),40,GNRL
525,27,42,2009,Scheme of BS(ZOOLOGY) 2K9,40,GNRL
526,27,43,2009, SCHEME OF M.Sc. (PASS) - ZOOLOGY 2K9,40,GNRL
527,49,139,2009,BACHELOR OF DESIGN (2K9),40,GNRL
528,60,113,2009,BS (BIOCHEMISTRY) 2K9,40,GNRL
529,60,114,2009,M.Sc. (PASS) BIOCHEMISTRY (2K9),40,GNRL
530,65,125,2009,SCHEME OF BIOTECH. MSc (Pass) 2K9,40,GNRL
531,19,26,2009,Scheme of BS (BOTANY) 2K9,40,GNRL
532,19,27,2009, SCHEME OF M.Sc. (PASS) BOTANY (2K9),40,GNRL
533,2,4,2009,Scheme of BBA (H) 2K9,60,GNRL
534,2,6,2009,SCHEME OF M.B.A (PASS) 2K9,60,GNRL
535,2,109,2008,M.B.A. (PASS) EVENING 03 Semster/ year  (2K8),60,GNRL
536,30,141,2009,SCHEME OF BS (HPED) YEAR 2K9,40,GNRL
537,22,32,2009,SCHEME OF BS(GEOLOGY) 2K9,40,GNRL
538,61,115,2009,CENTRE OF ENVIRONMENTAL SCIENCES 2K9,40,GNRL
539,12,10,2009,SCHEME OF BS(CHEMISTRY) 2K9,40,GNRL
540,12,24,2009,SCHEME OF M.Sc. (PASS) CHEMISTRY (2K9),40,GNRL
541,42,112,2009,M. COM (PASS) 2K9,40,GNRL
542,42,155,2009,BS (COMMERCE) 2K9,40,GNRL
543,57,62,2009,SCHEME OF ISLAMIC CULTURE (2K9),40,GNRL
544,57,64,2009,MA (PASS) ISLAMIC CULTURE 2K9,40,GNRL
545,10,8,2009,BS(CS)   (PM&COM) 2K9,40,MEDL
546,10,8,2009,BS(CS)   (P.E.) 2K9,40,ENGG
547,10,23,2009,SCHEME OF MCS 2K9,40,GNRL
548,10,108,2009,M.Sc. (PASS) COMPUTER SCIENCE 2K9,40,GNRL
549,10,123,2009,PGD (COMPUTER SCIENCE) 2K9,40,GNRL
550,41,85,2009,SCHEME OF MSc. (CRIMNOLOGY) 2K9,40,GNRL
551,1,14,2009,SCHEME OF M.A. (PASS) -ECONOMICS 2K9,40,GNRL
552,1,142,2009,BS (ECONOMICS) 2K9,40,GNRL
553,67,134,2009,B.Ed.   EDUCATION  2 Semester Programe 2K9,40,GNRL
554,67,135,2009,M.Ed. EDUCATION  2 Semester Programe 2K9,40,GNRL
555,15,13,2009,SCHEME OF BS (ELECTRONICS) 2K9,40,GNRL
556,45,96,2009,M.A (PASS) PREVOIUS (ENGLISH) 2K9,40,GNRL
557,20,28,2009,SCHEME OF BS(FWBF ) 2K9,40,GNRL
558,31,144,2009,BS(GENERAL HISTORY) 2K9,40,GNRL
559,18,25,2009,SCHEME OF GENETICS ENGINEERING -2K9,40,GNRL
560,21,31,2009, SCHEME OF MSc.(PASS) -GEOGRAPHY 2009,40,GNRL
561,8,7,2009,SCHEME OF BS(IT)  2K9,40,GNRL
562,32,55,2009,M.A.(PASS) INTERNATIONAL RELATIONS 2K9,40,GNRL
563,32,146,2009,BS(INTERNATIONAL RELATIONS) 2K9,40,GNRL
564,33,56,2009,PGD (LIS) 2K9,40,GNRL
565,33,57,2009,MLIS 2K9,40,GNRL
566,34,60,2009,M.A. (PASS) - MASS COMMUNICATION 2K9,40,GNRL
567,34,143,2009,BS(MASS COMMUNICATION) 2K9,40,GNRL
568,64,118,2009,SCHEME OF BS (MATHEMATICS) 2K9,40,GNRL
569,64,119,2009,M.Sc. (PREVIOUS) MATHEMATICS 2K9,40,GNRL
570,23,34,2009,SCHEME OF BS(MICROBIOLOGY) 2K9,40,GNRL
571,58,68,2009,SCHEME OF MUSLIM HISTORY 2K9,40,GNRL
572,58,69,2009,SCHEME OF M.A. (H) - MUSLIM HISTORY (2K9),40,GNRL
573,58,70,2009,M.A (PASS) -MUSLIM HISTORY 2K9,40,GNRL
574,66,127,2009,MA.(PASS) -PAKISTAN STUDY CENTER -2K9,40,GNRL
575,63,117,2009,SCHEME OF PHARM. D. 2K9,50,GNRL
576,24,36,2009,Scheme of BS(Physics) 2K9,40,GNRL
577,24,37,2009, SCHEME OF M.Sc (PREVIOUS) PHYSICS 2K9,40,GNRL
578,25,38,2009,SCHEME OF PHYSIOLOGY 2K9,40,GNRL
579,25,39,2009, SCHEME OF M.Sc (PASS) - PHYSIOLOGY 2K9,40,GNRL
580,36,72,2009,M.A. (PASS) POLITICAL SCIENCES 2K9,40,GNRL
581,36,147,2009,BS(POLITICAL SCIENCE) 2K9,40,GNRL
582,37,138,2009,BS (PSYCHOLOGY) 2K9 SOCIAL SCIENCES,40,GNRL
583,37,152,2009,BS (PSYCHOLOGY) 2K9 NATURAL SCIENCES,40,GNRL
584,38,78,2009,SCHEME OF M.P.A (PASS) (2K9) MORNING,50,MORN
586,38,150,2009,BS (PUBLIC ADMINISTRATION) 2K9,50,GNRL
587,16,149,2009,BS (SDSC) 2K9,40,GNRL
588,72,159,2009,B.B.A. (H) 2K9,60,GNRL
589,72,160,2009,BS (COMMERCE) 2K9,40,GNRL
590,72,161,2009,BS (COMPUTER SCIENCE) P.M. 2K9,40,MEDL
591,72,161,2009,BS (COMPUTER SCIENCE) P.E. 2K9,40,ENGG
592,72,167,2009,M.B.A. (EVENING) 2K9,60,GNRL
593,47,88,2009,SCHEME OF M.A. (PASS) - SINDHI 2K9,40,GNRL
594,40,84,2009,SCHEME OF M.A. (PASS) - SOCIAL WORK 2K9,40,GNRL
595,40,148,2009,BS(SOCIAL WORK) 2K9,40,GNRL
596,39,81,2009,SCHEME OF M.A (PASSS) - SOCIOLOGY 2K9,40,GNRL
597,39,145,2009,BS (SOCIOLOGY) 2K9,40,GNRL
598,13,11,2009,BS (SOFTWARE ENGINEERING) 2K9,40,GNRL
599,26,40,2009,SCHEME OF BS(STATISTICS) 2K9,40,GNRL
600,14,12,2009,SCHEME OF BS(TELECOMMUNICATION) 2K9,40,GNRL
601,48,99,2009,SCHEME OF M.A. (PASS) - URDU 2K9,40,GNRL
602,57,67,2008,SCHEME OF M.A. (PASS) -RELIGION 2008,40,GNRL
603,21,30,2009,SCHEME OF BS(GEOGRAPHY) 2K9,40,GNRL
604,30,45,2009, SCHEME OF B.H.P.Ed. (2K9),40,GNRL
605,30,46,2009, SCHEME OF M.H.P.Ed (2K9),40,GNRL
606,63,166,2008,PHARM-D CONDENSED COURSE 2K8,50,GNRL
607,73,164,2009,SCHEME OF BS (ANTHROPOLOGY & A) 2009,40,GNRL
608,74,,2009,B.ED LAAR COLLEGE @ BADIN,40,GNRL
609,74,168,2009,B.Ed Sindh University Laar College@Badin 2K9,40,GNRL
610,67,137,2009,M.A.  EDUCATION  4 Semester Programe 2K9,40,GNRL
611,45,169,2009,BS (ENGLISH) 08-SEMESTER PROGRAM 2009,40,GNRL
612,23,34,2010,SCHEME OF BS(MICROBIOLOGY) 2K10,40,GNRL
613,64,118,2010,SCHEME OF BS (MATHEMATICS) 2K10,40,GNRL
614,29,47,2009,SCHEME M.Sc. (PASS) HOME ECONOMICS 2K9,40,GNRL
615,29,48,2009,SCHEME OF WOMEN DEVELOPMENT STUDIES 2K9,40,GNRL
616,50,102,2009,SCHEME OF  BA (H) ARABIC 2009,40,GNRL
617,50,103,2006,SCHEME OF M.A. (H) - ARABIC 2K6,40,GNRL
618,67,136,2009,B.A.  EDUCATION  6 Semesters Programe 2K9,40,GNRL
619,67,162,2006,M.A. (H) EDUCATION 2K6 BATCH,40,GNRL
620,37,75,2009,SCHEME OF M.Sc.(PASS) - PSYCHOLOGY 2K9,40,GNRL
621,37,74,2009,SCHEME OF M.A. (PASS) - PSYCHOLOGY 2K9,40,GNRL
622,48,92,2009,SCHEME OF URDU 2K9,40,GNRL
623,57,65,2009,SCHEME OF B.A. (H) - RELIGION (2K9),40,GNRL
624,57,67,2009,SCHEME OF M.A. (PASS) -RELIGION 2009,40,GNRL
625,34,60,2010,M.A. (PASS) - MASS COMMUNICATION 2K10,40,GNRL
626,20,29,2009, SCHEME OF M.Sc. (PASS) - (FWB&F) 2009,40,GNRL
627,46,165,2005,M.A (HONS) PHILOSOPHY 2K5,40,GNRL
629,46,98,2008,SCHEME OF M.A. (PASS) - PHILOSOPHY 2008,40,GNRL
630,46,98,2009,SCHEME OF M.A. (PASS) - PHILOSOPHY 2009,40,GNRL
631,46,165,2006,M.A (HONS) PHILOSOPHY 2K6,40,GNRL
632,46,97,2009,SCHEME OF PHILOSOPHY 2K9,40,GNRL
633,47,86,2009,SCHEME OF SINDHI 2K9,40,GNRL
634,38,153,2009,PGD (PUBLIC ADMINISTRATION) (2K9),50,GNRL
635,38,163,2008,M.P.A FINAL (P.G.D SIDE) 2008,50,GNRL
636,63,166,2009,PHARM-D CONDENSED COURSE 2K9,50,GNRL
637,73,164,2010,SCHEME OF BS (ANTHROPOLOGY & A) 2010,40,GNRL
638,60,113,2010,BS (BIOCHEMISTRY) 2K10,40,GNRL
639,60,114,2010,M.Sc. (PASS) BIOCHEMISTRY (2K10),40,GNRL
640,65,125,2010,SCHEME OF BIOTECH. MSc (Pass) 2K10,40,GNRL
641,19,26,2010,Scheme of BS (BOTANY) 2K10,40,GNRL
642,19,27,2010, SCHEME OF M.Sc. (PASS) BOTANY (2K10),40,GNRL
643,2,4,2010,Scheme of BBA (H) 2K10,60,GNRL
644,2,6,2010,SCHEME OF M.B.A (PASS) 2K10,60,GNRL
645,30,45,2010, SCHEME OF B.H.P.Ed. (2K10),40,GNRL
646,30,46,2010, SCHEME OF M.H.P.Ed (2K10),40,GNRL
647,30,141,2010,SCHEME OF BS (HPED) YEAR 2K10,40,GNRL
648,22,32,2010,SCHEME OF BS(GEOLOGY) 2K10,40,GNRL
649,61,115,2010,CENTRE OF ENVIRONMENTAL SCIENCES 2K10,40,GNRL
650,12,10,2010,SCHEME OF BS(CHEMISTRY) 2K10,40,GNRL
651,12,24,2010,SCHEME OF M.Sc. (PASS) CHEMISTRY (2K10),40,GNRL
652,42,112,2010,M. COM (PASS) 2K10,40,GNRL
653,42,155,2010,BS (COMMERCE) 2K10,40,GNRL
654,57,62,2010,SCHEME OF ISLAMIC CULTURE (2K10),40,GNRL
655,57,64,2010,MA (PASS) ISLAMIC CULTURE 2K10,40,GNRL
656,10,8,2010,BS(CS)   (PM&COM) 2K10,40,MEDL
657,10,8,2010,BS(CS)   (P.E.) 2K10,40,ENGG
658,10,23,2010,SCHEME OF MCS 2K10,40,GNRL
659,10,108,2010,M.Sc. (PASS) COMPUTER SCIENCE 2K10,40,GNRL
660,10,123,2010,PGD (COMPUTER SCIENCE) 2K10,40,GNRL
661,41,85,2010,SCHEME OF MSc. (CRIMNOLOGY) 2K10,40,GNRL
662,1,14,2010,SCHEME OF M.A. (PASS) -ECONOMICS 2K10,40,GNRL
663,1,142,2010,BS (ECONOMICS) 2K10,40,GNRL
664,67,134,2010,B.Ed.   2 Semester Programe 2K10,40,GNRL
665,67,135,2010,M.Ed.   2 Semester Programe 2K10,40,GNRL
666,67,137,2010,M.A.  EDUCATION  4 Semester Programe 2K10,40,GNRL
667,15,13,2010,SCHEME OF BS (ELECTRONICS) 2K10,40,GNRL
668,45,96,2010,M.A (PASS) PREVOIUS (ENGLISH) 2K10 Morning,40,MORN
669,45,169,2010,BS (ENGLISH) 08-SEMESTER PROGRAM 2010,40,GNRL
670,20,28,2010,SCHEME OF BS(FWBF ) 2K10,40,GNRL
671,31,144,2010,BS(GENERAL HISTORY) 2K10,40,GNRL
672,18,25,2010,SCHEME OF GENETICS ENGINEERING -2K10,40,GNRL
673,21,30,2010,SCHEME OF BS(GEOGRAPHY) 2K10,40,GNRL
674,21,31,2010, SCHEME OF MSc.(PASS) -GEOGRAPHY 2010,40,GNRL
675,8,7,2010,SCHEME OF BS(IT)  2K10,40,GNRL
676,32,55,2010,M.A.(PASS) INTERNATIONAL RELATIONS 2K10,40,GNRL
677,32,146,2010,BS(INTERNATIONAL RELATIONS) 2K10,40,GNRL
678,33,56,2010,PGD (LIS) 2K10,40,GNRL
679,33,57,2010,MLIS 2K10,40,GNRL
680,34,143,2010,BS(MASS COMMUNICATION) 2K10,40,GNRL
681,64,119,2010,M.Sc. (PREVIOUS) MATHEMATICS 2K10,40,GNRL
682,58,68,2010,SCHEME OF MUSLIM HISTORY 2K10,40,GNRL
683,58,69,2010,SCHEME OF M.A. (H) - MUSLIM HISTORY (2K10),40,GNRL
684,58,70,2010,M.A (PASS) -MUSLIM HISTORY 2K10,40,GNRL
685,66,127,2010,MA.(PASS) -PAKISTAN STUDY CENTER -2K10,40,GNRL
686,63,117,2010,SCHEME OF PHARM. D. 2K10,50,GNRL
687,63,166,2010,PHARM-D CONDENSED COURSE 2K10,50,GNRL
688,46,97,2010,SCHEME OF PHILOSOPHY 2K10,40,GNRL
689,24,36,2010,Scheme of BS(Physics) 2K10,40,GNRL
690,24,37,2010, SCHEME OF M.Sc (PREVIOUS) PHYSICS 2K10,40,GNRL
691,25,38,2010,SCHEME OF PHYSIOLOGY 2K10,40,GNRL
692,25,39,2010, SCHEME OF M.Sc (PASS) - PHYSIOLOGY 2K10,40,GNRL
693,36,72,2010,M.A. (PASS) POLITICAL SCIENCES 2K10,40,GNRL
694,36,147,2010,BS(POLITICAL SCIENCE) 2K10,40,GNRL
695,37,74,2010,SCHEME OF M.A. (PASS) - PSYCHOLOGY 2K10,40,GNRL
696,37,75,2010,SCHEME OF M.Sc.(PASS) - PSYCHOLOGY 2K10,40,GNRL
697,37,138,2010,BS (PSYCHOLOGY) 2K10 SOCIAL SCIENCES,40,GNRL
698,37,152,2010,BS (PSYCHOLOGY) 2K10 NATURAL SCIENCES,40,GNRL
699,38,78,2010,SCHEME OF M.P.A (PASS) (2K10) MORNING,50,MORN
700,38,150,2010,BS (PUBLIC ADMINISTRATION) 2K10,50,GNRL
701,38,153,2010,PGD (PUBLIC ADMINISTRATION) (2K10),50,GNRL
702,16,149,2010,BS (SDSC) 2K10,40,GNRL
703,72,159,2010,B.B.A. (H) 2K10,60,GNRL
704,72,160,2010,BS (COMMERCE) 2K10,40,GNRL
705,72,161,2010,BS (COMPUTER SCIENCE) P.M. 2K10,40,MEDL
706,72,161,2010,BS (COMPUTER SCIENCE) P.E. 2K10,40,ENGG
707,72,167,2010,M.B.A. (EVENING) 2K10,60,GNRL
708,47,88,2010,SCHEME OF M.A. (PASS) - SINDHI 2K10,40,GNRL
709,40,84,2010,SCHEME OF M.A. (PASS) - SOCIAL WORK 2K10,40,GNRL
710,40,148,2010,BS(SOCIAL WORK) 2K10,40,GNRL
711,39,81,2010,SCHEME OF M.A (PASSS) - SOCIOLOGY 2K10,40,GNRL
712,39,145,2010,BS (SOCIOLOGY) 2K10,40,GNRL
713,13,11,2010,BS (SOFTWARE ENGINEERING) 2K10,40,GNRL
714,26,40,2010,SCHEME OF BS(STATISTICS) 2K10,40,GNRL
715,14,12,2010,SCHEME OF BS(TELECOMMUNICATION) 2K10,40,GNRL
716,48,99,2010,SCHEME OF M.A. (PASS) - URDU 2K10,40,GNRL
717,29,47,2010,SCHEME M.Sc. (PASS) HOME ECONOMICS 2K10,40,GNRL
718,27,42,2010,Scheme of BS(ZOOLOGY) 2K10 (New Scheme),40,GNRL
719,27,43,2010, SCHEME OF M.Sc. (PASS) - ZOOLOGY 2K10,40,GNRL
720,75,172,2009,B.Ed (P.I.T.E) 2K9 (Three Semesters Program),40,GNRL
721,76,173,2009,LLB Five Years Degree Program 2K9,40,GNRL
722,40,83,2006,SCHEME OF M.A. (H) - SOCIAL WORK (2K6),40,GNRL
723,47,174,2010,BS (SINDHI) 2K10,40,GNRL
724,48,92,2010,SCHEME OF URDU 2K10,40,GNRL
725,57,65,2010,SCHEME OF B.A. (H) - RELIGION (2K10),40,GNRL
726,29,48,2010,SCHEME OF WOMEN DEVELOPMENT STUDIES 2K10,40,GNRL
727,74,168,2010,B.Ed Sindh University Laar College@Badin 2K10,40,GNRL
728,20,29,2010, SCHEME OF M.Sc. (PASS) - (FWB&F) 2010,40,GNRL
729,46,98,2010,SCHEME OF M.A. (PASS) - PHILOSOPHY 2010,40,GNRL
730,46,165,2007,M.A (HONS) PHILOSOPHY 2K7,40,GNRL
731,50,102,2010,SCHEME OF  BA (H) ARABIC 2010,40,GNRL
732,50,104,2010,SCHEME OF M.A. (PASS) - ARABIC 2010,40,GNRL
733,67,136,2010,B.A.  EDUCATION  6 Semesters Programe 2K10,40,GNRL
734,67,162,2007,M.A. (H) EDUCATION 2K7 BATCH,40,GNRL
737,77,177,2010,BS (CS) Pre-Medical 2010,40,MEDL
735,77,175,2010,B.B.A. 4-Year Degree Program 2010,60,GNRL
736,77,176,2010,BS (COMMERCE) Year Degree Program 2010,40,GNRL
738,77,177,2010,BS (CS) Pre-Engineering 2010,40,ENGG
739,77,178,2010,BS (IT) 4-Year Degree Program 2010,40,GNRL
740,77,179,2010,BS (GEOLOGY) 2010,40,GNRL
741,31,52,2010,M.A. (PASS) GENERAL HISTORY 2010,40,GNRL
742,73,164,2011,SCHEME OF BS (ANTHROPOLOGY & A) 2011,40,GNRL
743,45,96,2010,M.A (PASS) PREVOIUS (ENGLISH) 2K10 Evening,40,EVEN
744,38,163,2009,M.P.A FINAL (P.G.D SIDE) 2009,50,GNRL
745,2,109,2009,M.B.A. (PASS) EVENING 03 Semster/ year  (2K9),60,GNRL
746,49,170,2007,BACHELOR OF FINE ARTS (2K7),40,GNRL
747,49,170,2008,BACHELOR OF FINE ARTS (2K8),40,GNRL
748,49,139,2010,BACHELOR OF DESIGN (2K10),40,GNRL
749,49,170,2009,BACHELOR OF FINE ARTS (2K9),40,GNRL
750,49,170,2010,BACHELOR OF FINE ARTS (2K10),40,GNRL
751,67,180,2009,ASSOCIATE DEGREE IN EDUCATION 2K9,40,GNRL
752,49,139,2011,BACHELOR OF DESIGN (2K11),40,GNRL
753,49,170,2011,BACHELOR OF FINE ARTS (2K11),40,GNRL
754,60,113,2011,BS (BIOCHEMISTRY) 2K11,40,GNRL
755,60,114,2011,M.Sc. (PASS) BIOCHEMISTRY (2K11),40,GNRL
756,65,125,2011,SCHEME OF BIOTECH. MSc (Pass) 2K11,40,GNRL
757,19,26,2011,Scheme of BS (BOTANY) 2K11,40,GNRL
758,19,27,2011, SCHEME OF M.Sc. (PASS) BOTANY (2K11),40,GNRL
759,2,4,2011,Scheme of BBA (H) 2K11,60,GNRL
760,2,6,2011,SCHEME OF M.B.A (PASS) 2K11,60,GNRL
761,30,141,2011,SCHEME OF BS (HPED) YEAR 2K11,40,GNRL
762,22,32,2011,SCHEME OF BS(GEOLOGY) 2K11,40,GNRL
763,61,115,2011,CENTRE OF ENVIRONMENTAL SCIENCES 2K11,40,GNRL
764,12,10,2011,SCHEME OF BS(CHEMISTRY) 2K11,40,GNRL
765,12,24,2011,SCHEME OF M.Sc. (PASS) CHEMISTRY (2K11),40,GNRL
766,42,112,2011,M. COM (PASS) 2K11,40,GNRL
767,57,62,2011,SCHEME OF ISLAMIC CULTURE (2K11),40,GNRL
768,57,64,2011,MA (PASS) ISLAMIC CULTURE 2K11,40,GNRL
769,10,8,2011,BS(CS)   (PM&COM) 2K11,40,MEDL
770,10,8,2011,BS(CS)   (P.E.) 2K11,40,ENGG
771,10,23,2011,SCHEME OF MCS 2K11,40,GNRL
772,10,108,2011,M.Sc. (PASS) COMPUTER SCIENCE 2K11,40,GNRL
773,41,85,2011,SCHEME OF MSc. (CRIMNOLOGY) 2K11,40,GNRL
774,1,14,2011,SCHEME OF M.A. (PASS) -ECONOMICS 2K11,40,GNRL
775,1,142,2011,BS (ECONOMICS) 2K11,40,GNRL
776,67,134,2011,B.Ed.   2 Semester Programe 2K11,40,GNRL
777,67,135,2011,M.Ed.   2 Semester Programe 2K11,40,GNRL
778,67,137,2011,M.A.  EDUCATION  4 Semester Programe 2K11,40,GNRL
779,74,168,2011,B.Ed Sindh University Laar College@Badin 2K11,40,GNRL
780,15,13,2011,SCHEME OF BS (ELECTRONICS) 2K11,40,GNRL
781,45,169,2011,BS (ENGLISH) 08-SEMESTER PROGRAM 2011,40,GNRL
782,20,28,2011,SCHEME OF BS(FWBF ) 2K11,40,GNRL
783,31,52,2011,M.A. (PASS) GENERAL HISTORY 2011,40,GNRL
784,31,144,2011,BS(GENERAL HISTORY) 2K11,40,GNRL
785,18,25,2011,SCHEME OF GENETICS ENGINEERING -2K11,40,GNRL
786,21,30,2011,SCHEME OF BS(GEOGRAPHY) 2K11,40,GNRL
787,21,31,2011, SCHEME OF MSc.(PASS) -GEOGRAPHY 2011,40,GNRL
788,8,7,2011,SCHEME OF BS(IT)  2K11,40,GNRL
789,32,55,2011,M.A.(PASS) INTERNATIONAL RELATIONS 2K11,40,GNRL
790,32,146,2011,BS(INTERNATIONAL RELATIONS) 2K11,40,GNRL
791,33,56,2011,PGD (LIS) 2K11,40,GNRL
792,33,57,2011,MLIS 2K11,40,GNRL
793,34,60,2011,M.A. (PASS) - MASS COMMUNICATION 2K11,40,GNRL
794,34,143,2011,BS(MASS COMMUNICATION) 2K11,40,GNRL
795,64,118,2011,SCHEME OF BS (MATHEMATICS) 2K11,40,GNRL
796,64,119,2011,M.Sc. (PREVIOUS) MATHEMATICS 2K11,40,GNRL
797,23,34,2011,SCHEME OF BS(MICROBIOLOGY) 2K11,40,GNRL
798,58,70,2011,M.A (PASS) -MUSLIM HISTORY 2K11,40,GNRL
799,66,127,2011,MA.(PASS) -PAKISTAN STUDY CENTER -2K11,40,GNRL
800,63,117,2011,SCHEME OF PHARM. D. 2K11,50,GNRL
801,63,166,2011,PHARM-D CONDENSED COURSE 2K11,50,GNRL
802,24,36,2011,Scheme of BS(Physics) 2K11,40,GNRL
803,24,37,2011, SCHEME OF M.Sc (PREVIOUS) PHYSICS 2K11,40,GNRL
804,25,38,2011,SCHEME OF PHYSIOLOGY 2K11,40,GNRL
805,25,39,2011, SCHEME OF M.Sc (PASS) - PHYSIOLOGY 2K11,40,GNRL
806,36,72,2011,M.A. (PASS) POLITICAL SCIENCES 2K11,40,GNRL
807,36,147,2011,BS(POLITICAL SCIENCE) 2K11,40,GNRL
808,37,74,2011,SCHEME OF M.A. (PASS) - PSYCHOLOGY 2K11,40,GNRL
809,37,75,2011,SCHEME OF M.Sc.(PASS) - PSYCHOLOGY 2K11,40,GNRL
810,37,138,2011,BS (PSYCHOLOGY) 2K11 SOCIAL SCIENCES,40,GNRL
811,37,152,2011,BS (PSYCHOLOGY) 2K11 NATURAL SCIENCES,40,GNRL
812,38,150,2011,BS (PUBLIC ADMINISTRATION) 2K11,50,GNRL
813,38,78,2011,SCHEME OF M.P.A (PASS) (2K11) MORNING,50,MORN
814,16,149,2011,BS (SDSC) 2K11,40,GNRL
815,77,175,2011,B.B.A. 4-Year Degree Program 2011,60,GNRL
816,77,176,2011,BS (COMMERCE) Year Degree Program 2011,40,GNRL
817,77,177,2011,BS (CS) Pre-Medical 2011,40,MEDL
818,77,177,2011,BS (CS) Pre-Engineering 2011,40,ENGG
819,77,178,2011,BS (IT) 4-Year Degree Program 2011,40,GNRL
820,77,179,2011,BS (GEOLOGY) 2011,40,GNRL
821,72,159,2011,B.B.A. (H) 2K11,60,GNRL
822,72,160,2011,BS (COMMERCE) 2K11,40,GNRL
823,72,161,2011,BS (COMPUTER SCIENCE) P.M. 2K11,40,MEDL
824,72,161,2011,BS (COMPUTER SCIENCE) P.E. 2K11,40,ENGG
825,72,167,2011,M.B.A. (EVENING) 2K11,60,GNRL
826,47,88,2011,SCHEME OF M.A. (PASS) - SINDHI 2K11,40,GNRL
827,47,174,2011,BS (SINDHI) 2K11,40,GNRL
828,40,84,2011,SCHEME OF M.A. (PASS) - SOCIAL WORK 2K11,40,GNRL
829,40,148,2011,BS(SOCIAL WORK) 2K11,40,GNRL
830,39,81,2011,SCHEME OF M.A (PASSS) - SOCIOLOGY 2K11,40,GNRL
831,39,145,2011,BS (SOCIOLOGY) 2K11,40,GNRL
832,13,11,2011,BS (SOFTWARE ENGINEERING) 2K11,40,GNRL
833,26,40,2011,SCHEME OF BS(STATISTICS) 2K11,40,GNRL
834,14,12,2011,SCHEME OF BS(TELECOMMUNICATION) 2K11,40,GNRL
835,29,47,2011,SCHEME M.Sc. (PASS) HOME ECONOMICS 2K11,40,GNRL
836,29,48,2011,SCHEME OF WOMEN DEVELOPMENT STUDIES 2K11,40,GNRL
837,27,42,2011,Scheme of BS(ZOOLOGY) 2K11 (New Scheme),40,GNRL
838,27,43,2011, SCHEME OF M.Sc. (PASS) - ZOOLOGY 2K11,40,GNRL
839,48,99,2011,SCHEME OF M.A. (PASS) - URDU 2K11,40,GNRL
840,76,173,2010,LLB Five Years Degree Program 2K10,40,GNRL
841,50,103,2008,SCHEME OF M.A. (H) - ARABIC 2K8,40,GNRL
842,50,104,2011,SCHEME OF M.A. (PASS) - ARABIC 2011,40,GNRL
843,50,102,2011,SCHEME OF  BA (H) ARABIC 2011,40,GNRL
857,57,65,2011,SCHEME OF B.A. (H) - RELIGION (2K11),40,GNRL
845,39,80,2007,SCHEME OF M.A. (H) - SOCIOLOGY (2K7),40,GNRL
846,48,92,2011,SCHEME OF URDU 2K11,40,GNRL
847,36,71,2008,SCHEME OF M.A. (H) - POLITICAL SCIENCES 2K8,40,GNRL
848,25,39,2012, SCHEME OF M.Sc (PASS) - PHYSIOLOGY 2K12,40,GNRL
849,2,109,2011,M.B.A. (PASS) EVENING 03 Semster/ year  (2K11),60,GNRL
850,37,152,2012,BS (PSYCHOLOGY) 2K12 NATURAL SCIENCES,40,GNRL
851,46,97,2011,SCHEME OF PHILOSOPHY 2K11,40,GNRL
852,46,98,2011,SCHEME OF M.A. (PASS) - PHILOSOPHY 2011,40,GNRL
853,20,29,2011, SCHEME OF M.Sc. (PASS) - (FWB&F) 2011,40,GNRL
854,42,155,2011,BS (COMMERCE) 2K11,40,GNRL
855,39,80,2006,SCHEME OF M.A. (H) - SOCIOLOGY (2K6),40,GNRL
856,58,68,2011,SCHEME OF MUSLIM HISTORY 2K11,40,GNRL
858,67,136,2011,B.A.  EDUCATION  6 Semesters Programe 2K11,40,GNRL
859,67,162,2008,M.A. (H) EDUCATION 2K8 BATCH,40,GNRL
860,78,181,2010,,50,GNRL
861,78,182,2010,,50,GNRL
862,57,66,2008,SCHEME OF M.A. (H) - RELIGION 2K8,40,GNRL
863,57,67,2011,SCHEME OF M.A. (PASS) -RELIGION 2K11,40,GNRL
864,78,181,2011,,50,GNRL
865,30,183,2011,BPEHSS (2K11),40,GNRL
866,30,184,2011,MPEHSS (2K11),40,GNRL
867,30,183,2012,BPEHSS (2K12),40,GNRL
868,30,184,2012,MPEHSS (2K12),40,GNRL
869,45,96,2011,M.A (PASS) PREVOIUS (ENGLISH) 2K11,40,GNRL
870,67,185,2011,B.ED (HONS) ELEMENTARY 2K11,40,GNRL
871,42,186,2011,MS (COMMERCE) 2K7,40,GNRL
872,2,5,2007,SCHEME OF MBA (H) 2K7 Equ. to M.PHILL,60,GNRL
873,38,163,2010,M.P.A FINAL (P.G.D SIDE) 2010,50,GNRL
874,76,173,2011,LLB Five Years Degree Program 2K11,40,GNRL
875,73,164,2012,SCHEME OF BS (ANTHROPOLOGY & A) 2K12,40,GNRL
876,60,113,2012,BS (BIOCHEMISTRY) 2K12,40,GNRL
877,65,125,2012,SCHEME OF BIOTECH. MSc (Pass) 2K12,40,GNRL
878,19,26,2012,Scheme of BS (BOTANY) 2K12,40,GNRL
879,19,27,2012, SCHEME OF M.Sc. (PASS) BOTANY (2K12),40,GNRL
880,2,4,2012,Scheme of BBA (H) 2K12,60,GNRL
881,2,5,2008,SCHEME OF MBA (H) 2K8 Equ. to M.PHILL,60,GNRL
882,2,6,2012,SCHEME OF M.B.A (PASS) 2K12,60,GNRL
883,2,109,2012,M.B.A. (PASS) EVENING 03 Semster/ year  (2K12),60,GNRL
884,30,141,2012,SCHEME OF BS (HPED) YEAR 2K12,40,GNRL
885,22,32,2012,SCHEME OF BS(GEOLOGY) 2K12,40,GNRL
886,61,115,2012,CENTRE OF ENVIRONMENTAL SCIENCES 2K12,40,GNRL
887,12,10,2012,SCHEME OF BS(CHEMISTRY) 2K12,40,GNRL
888,12,24,2012,SCHEME OF M.Sc. (PASS) CHEMISTRY (2K12),40,GNRL
889,42,112,2012,M. COM (PASS) 2K12,40,GNRL
890,42,155,2012,BS (COMMERCE) 2K12,40,GNRL
891,42,186,2012,MS (COMMERCE) 2K8,40,GNRL
892,57,62,2012,SCHEME OF ISLAMIC CULTURE (2K12),40,GNRL
893,57,63,2009,SCHEME OF M.A. (H) - ISLAMIC CULTURE (2k9),40,GNRL
894,57,64,2012,MA (PASS) ISLAMIC CULTURE 2K12,40,GNRL
895,57,65,2012,SCHEME OF B.A. (H) - RELIGION (2K12),40,GNRL
896,57,66,2009,SCHEME OF M.A. (H) - RELIGION 2K9,40,GNRL
897,10,8,2012,BS(CS)   (PM&COM) 2K12,40,MEDL
898,10,8,2012,BS(CS)   (P.E.) 2K12,40,ENGG
899,10,23,2012,SCHEME OF MCS 2K12,40,GNRL
900,10,108,2012,M.Sc. (PASS) COMPUTER SCIENCE 2K12,40,GNRL
901,41,85,2012,SCHEME OF MSc. (CRIMNOLOGY) 2K12,40,GNRL
902,1,14,2012,SCHEME OF M.A. (PASS) -ECONOMICS 2K12,40,GNRL
903,1,142,2012,BS (ECONOMICS) 2K12,40,GNRL
904,67,134,2012,B.Ed.   2 Semester Programe 2K12,40,GNRL
905,67,135,2012,M.Ed.   2 Semester Programe 2K12,40,GNRL
906,67,136,2012,B.A.  EDUCATION  6 Semesters Programe 2K12,40,GNRL
907,67,137,2012,M.A.  EDUCATION  4 Semester Programe 2K12,40,GNRL
908,67,162,2009,M.A. (H) EDUCATION 2K9 BATCH,40,GNRL
909,67,185,2012,B.ED (HONS) ELEMENTARY 2K12,40,GNRL
910,74,168,2012,B.Ed Sindh University Laar College@Badin 2K12,40,GNRL
911,15,13,2012,SCHEME OF BS (ELECTRONICS) 2K12,40,GNRL
912,45,96,2012,M.A (PASS) PREVOIUS (ENGLISH) 2K12,40,GNRL
913,45,169,2012,BS (ENGLISH) 08-SEMESTER PROGRAM 2012,40,GNRL
914,20,28,2012,SCHEME OF BS(FWBF ) 2K12,40,GNRL
915,20,29,2012, SCHEME OF M.Sc. (PASS) - (FWB&F) 2012,40,GNRL
916,31,144,2012,BS(GENERAL HISTORY) 2K12,40,GNRL
917,18,25,2012,SCHEME OF GENETICS ENGINEERING -2K12,40,GNRL
918,21,30,2012,SCHEME OF BS(GEOGRAPHY) 2K12,40,GNRL
919,21,31,2012, SCHEME OF MSc.(PASS) -GEOGRAPHY 2012,40,GNRL
920,8,7,2012,SCHEME OF BS(IT)  2K12,40,GNRL
921,32,55,2012,M.A.(PASS) INTERNATIONAL RELATIONS 2K12,40,GNRL
922,32,146,2012,BS(INTERNATIONAL RELATIONS) 2K12,40,GNRL
923,76,173,2012,LLB Five Years Degree Program 2K12,40,GNRL
924,33,57,2012,MLIS 2K12,40,GNRL
925,33,56,2012,PGD (LIS) 2K12,40,GNRL
926,34,60,2012,M.A. (PASS) - MASS COMMUNICATION 2K12,40,GNRL
927,34,143,2012,BS(MASS COMMUNICATION) 2K12,40,GNRL
928,64,118,2012,SCHEME OF BS (MATHEMATICS) 2K12,40,GNRL
929,64,119,2012,M.Sc. (PREVIOUS) MATHEMATICS 2K12,40,GNRL
930,23,34,2012,SCHEME OF BS(MICROBIOLOGY) 2K12,40,GNRL
931,58,68,2012,SCHEME OF MUSLIM HISTORY 2K12,40,GNRL
932,58,69,2011,SCHEME OF M.A. (H) - MUSLIM HISTORY (2K11),40,GNRL
933,58,70,2012,M.A (PASS) -MUSLIM HISTORY 2K12,40,GNRL
934,66,127,2012,MA.(PASS) -PAKISTAN STUDY CENTER -2K12,40,GNRL
935,63,117,2012,SCHEME OF PHARM. D. 2K12,50,GNRL
936,63,166,2012,PHARM-D CONDENSED COURSE 2K12,50,GNRL
937,46,97,2012,SCHEME OF PHILOSOPHY 2K12,40,GNRL
938,46,98,2012,SCHEME OF M.A. (PASS) - PHILOSOPHY 2012,40,GNRL
939,24,36,2012,Scheme of BS(Physics) 2K12,40,GNRL
940,24,37,2012, SCHEME OF M.Sc (PREVIOUS) PHYSICS 2K12,40,GNRL
941,25,38,2012,SCHEME OF PHYSIOLOGY 2K12,40,GNRL
942,36,72,2012,M.A. (PASS) POLITICAL SCIENCES 2K12,40,GNRL
943,36,147,2012,BS(POLITICAL SCIENCE) 2K12,40,GNRL
944,37,138,2012,BS (PSYCHOLOGY) 2K12 SOCIAL SCIENCES,40,GNRL
945,37,74,2012,SCHEME OF M.A. (PASS) - PSYCHOLOGY 2K12,40,GNRL
946,37,75,2012,SCHEME OF M.Sc.(PASS) - PSYCHOLOGY 2K12,40,GNRL
947,38,78,2012,SCHEME OF M.P.A (PASS) (2K12) MORNING,50,MORN
948,38,150,2012,BS (PUBLIC ADMINISTRATION) 2K12,50,GNRL
949,16,149,2012,BS (SDSC) 2K12,40,GNRL
950,72,159,2012,B.B.A. (H) 2K12,60,GNRL
951,72,160,2012,BS (COMMERCE) 2K12,40,GNRL
952,72,161,2012,BS (COMPUTER SCIENCE) P.M. 2K12,40,MEDL
953,72,161,2012,BS (COMPUTER SCIENCE) P.E. 2K12,40,ENGG
954,72,167,2012,M.B.A. (EVENING) 2K12,60,GNRL
955,77,175,2012,B.B.A. 4-Year Degree Program 2012,60,GNRL
956,77,176,2012,BS (COMMERCE) Year Degree Program 2012,40,GNRL
957,77,177,2012,BS (CS) Pre-Medical 2012,40,MEDL
958,77,177,2012,BS (CS) Pre-Engineering 2012,40,ENGG
959,77,178,2012,BS (IT) 4-Year Degree Program 2012,40,GNRL
960,77,179,2012,BS (GEOLOGY) 2012,40,GNRL
961,47,88,2012,SCHEME OF M.A. (PASS) - SINDHI 2K12,40,GNRL
962,47,174,2012,BS (SINDHI) 2K12,40,GNRL
963,40,84,2012,SCHEME OF M.A. (PASS) - SOCIAL WORK 2K12,40,GNRL
964,40,148,2012,BS(SOCIAL WORK) 2K12,40,GNRL
965,39,81,2012,SCHEME OF M.A (PASSS) - SOCIOLOGY 2K12,40,GNRL
966,39,145,2012,BS (SOCIOLOGY) 2K12,40,GNRL
967,13,11,2012,BS (SOFTWARE ENGINEERING) 2K12,40,GNRL
968,26,40,2012,SCHEME OF BS(STATISTICS) 2K12,40,GNRL
969,14,12,2012,SCHEME OF BS(TELECOMMUNICATION) 2K12,40,GNRL
970,48,92,2012,SCHEME OF URDU 2K12,40,GNRL
971,48,93,2009,SCHEME OF M.A. (H) URDU (2K9),40,GNRL
972,27,43,2012, SCHEME OF M.Sc. (PASS) - ZOOLOGY 2K12,40,GNRL
973,27,42,2012,Scheme of BS(ZOOLOGY) 2K12 (New Scheme),40,GNRL
974,60,114,2012,M.Sc. (PASS) BIOCHEMISTRY (2K12),40,GNRL
975,48,99,2012,SCHEME OF M.A. (PASS) - URDU 2K12,40,GNRL
976,10,123,2012,PGD (COMPUTER SCIENCE) 2K12,40,GNRL
977,82,193,2011,CMS BBA,60,GNRL
978,37,152,2013,BS (PSYCHOLOGY) 2K13 NATURAL SCIENCES,40,GNRL
979,49,139,2012,BACHELOR OF DESIGN (2K12),40,GNRL
980,49,170,2012,BACHELOR OF FINE ARTS (2K12),40,GNRL
981,25,39,2013, SCHEME OF M.Sc (PASS) - PHYSIOLOGY 2K13,40,GNRL
982,47,87,2009,SCHEME OF M.A. (H) - SINDHI (2K9),40,GNRL
983,50,103,2009,SCHEME OF M.A. (H) - ARABIC 2K9,40,GNRL
984,51,105,2012,SCHEME OF PERSIAN 2K12,40,GNRL
985,51,107,2012,SCHEME OF M.A. (PASS) - PERSIAN 2K12,40,GNRL
986,50,102,2012,SCHEME OF  BA (H) ARABIC 2K12,40,GNRL
987,80,188,2012,B.B.A (HONS) 4-YEARS (2K12),60,GNRL
988,80,189,2012,BS (IT) 2K12,40,GNRL
989,80,190,2012,BS (ENGLISH) 2K12,40,GNRL
990,80,191,2012,MBA (PASS) 2K12,60,GNRL
991,80,192,2012,M.B.A (EVENING) 2K12,60,GNRL
992,49,101,2012,SCHEME OF M.A. (PASS) - FINE ARTS 2012,40,GNRL
993,29,48,2012,SCHEME OF WOMEN DEVELOPMENT STUDIES 2K12,40,GNRL
994,74,194,2012,,40,GNRL
995,74,194,2013,,40,GNRL
996,77,175,2013,B.B.A. 4-Year Degree Program 2013,60,GNRL
997,77,176,2013,BS (COMMERCE) Year Degree Program 2013,40,GNRL
998,77,177,2013,BS (CS) Pre-Medical 2013,40,MEDL
999,77,177,2013,BS (CS) Pre-Engineering 2013,40,ENGG
1000,77,178,2013,BS (IT) 4-Year Degree Program 2013,40,GNRL
1001,77,179,2013,BS (GEOLOGY) 2013,40,GNRL
1002,80,188,2013,B.B.A (HONS) 4-YEARS (2K13),60,GNRL
1003,80,189,2013,BS (IT) 2K13,40,GNRL
1004,80,190,2013,BS (ENGLISH) 2K13,40,GNRL
1005,80,191,2013,MBA (PASS) 2K13,60,GNRL
1006,80,192,2013,M.B.A (EVENING) 2K13,60,GNRL
1007,72,159,2013,B.B.A. (H) 2K13,60,GNRL
1008,72,160,2013,BS (COMMERCE) 2K13,40,GNRL
1009,72,161,2013,BS (COMPUTER SCIENCE) P.M. 2K13,40,MEDL
1010,72,161,2013,BS (COMPUTER SCIENCE) P.E. 2K13,40,ENGG
1011,72,167,2013,M.B.A. (EVENING) 2K13,60,GNRL
1012,85,199,2013,B.B.A (HONS) 2K13,60,GNRL
1013,85,200,2013,BS (CS) P.M 2K13,40,MEDL
1014,85,200,2013,BS (CS) P.E 2K13,40,ENGG
1015,85,201,2013,BS (ENGLISH) 2K13,40,GNRL
1016,85,202,2013,M.B.A (EVENING) 2K13,60,GNRL
1017,84,195,2013,B.B.A (HONS) 2K13,60,GNRL
1018,84,196,2013,BS (ENGLISH) 2K13,40,GNRL
1019,84,197,2013,BS (CS) P.M 2K13,40,MEDL
1020,84,197,2013,BS (CS) P.E 2K13,40,ENGG
1021,84,198,2013,M.B.A (EVENING) 2K13,60,GNRL
1022,73,164,2013,SCHEME OF BS (ANTHROPOLOGY & A) 2K13,40,GNRL
1023,60,113,2013,BS (BIOCHEMISTRY) 2K13,40,GNRL
1024,60,114,2013,M.Sc. (PASS) BIOCHEMISTRY (2K13),40,GNRL
1025,65,125,2013,SCHEME OF BIOTECH. MSc (Pass) 2K13,40,GNRL
1026,19,26,2013,Scheme of BS (BOTANY) 2K13,40,GNRL
1027,19,27,2013, SCHEME OF M.Sc. (PASS) BOTANY (2K13),40,GNRL
1028,2,4,2013,Scheme of BBA (H) 2K13,60,GNRL
1029,2,5,2009,SCHEME OF MBA (H) 2K9 Equ. to M.PHILL,60,GNRL
1030,2,6,2013,SCHEME OF M.B.A (PASS) 2K13,60,GNRL
1031,2,109,2013,M.B.A. (PASS) EVENING 03 Semster/ year  (2K13),60,GNRL
1032,30,141,2013,SCHEME OF BS (HPED) YEAR 2K13,40,GNRL
1033,30,183,2013,BPEHSS (2K13),40,GNRL
1034,30,184,2013,MPEHSS (2K13),40,GNRL
1035,22,32,2013,SCHEME OF BS(GEOLOGY) 2K13,40,GNRL
1036,61,115,2013,CENTRE OF ENVIRONMENTAL SCIENCES 2K13,40,GNRL
1037,12,10,2013,SCHEME OF BS(CHEMISTRY) 2K13,40,GNRL
1038,12,24,2013,SCHEME OF M.Sc. (PASS) CHEMISTRY (2K13),40,GNRL
1039,42,112,2013,M. COM (PASS) 2K13,40,GNRL
1040,42,155,2013,BS (COMMERCE) 2K13,40,GNRL
1041,57,62,2013,SCHEME OF ISLAMIC CULTURE (2K13),40,GNRL
1042,57,63,2010,SCHEME OF M.A. (H) - ISLAMIC CULTURE (2k10),40,GNRL
1043,57,64,2013,MA (PASS) ISLAMIC CULTURE 2K13,40,GNRL
1044,10,8,2013,BS(CS)   (PM&COM) 2K13,40,MEDL
1045,10,8,2013,BS(CS)   (P.E.) 2K13,40,ENGG
1046,10,23,2013,SCHEME OF MCS 2K13,40,GNRL
1047,10,108,2013,M.Sc. (PASS) COMPUTER SCIENCE 2K13,40,GNRL
1048,10,123,2013,PGD (COMPUTER SCIENCE) 2K13,40,GNRL
1049,41,85,2013,SCHEME OF MSc. (CRIMNOLOGY) 2K13,40,GNRL
1050,1,14,2013,SCHEME OF M.A. (PASS) -ECONOMICS 2K13,40,GNRL
1051,1,142,2013,BS (ECONOMICS) 2K13,40,GNRL
1052,67,134,2013,B.Ed.   2 Semester Programe 2K13,40,GNRL
1053,67,135,2013,M.Ed.   2 Semester Programe 2K13,40,GNRL
1054,67,136,2013,B.A.  EDUCATION  6 Semesters Programe 2K13,40,GNRL
1055,67,137,2013,M.A.  EDUCATION  4 Semester Programe 2K13,40,GNRL
1056,67,162,2010,M.A. (H) EDUCATION 2K10 BATCH,40,GNRL
1057,67,185,2013,B.ED (HONS) ELEMENTARY 2K13,40,GNRL
1058,74,168,2013,B.Ed Sindh University Laar College@Badin 2K13,40,GNRL
1059,15,13,2013,SCHEME OF BS (ELECTRONICS) 2K13,40,GNRL
1060,45,96,2013,M.A (PASS) PREVOIUS (ENGLISH) 2K13,40,GNRL
1061,45,169,2013,BS (ENGLISH) 08-SEMESTER PROGRAM 2013,40,GNRL
1062,20,28,2013,SCHEME OF BS(FWBF ) 2K13,40,GNRL
1063,20,29,2013, SCHEME OF M.Sc. (PASS) - (FWB&F) 2013,40,GNRL
1066,21,30,2013,SCHEME OF BS(GEOGRAPHY) 2K13,40,GNRL
1064,31,144,2013,BS(GENERAL HISTORY) 2K13,40,GNRL
1065,18,25,2013,SCHEME OF GENETICS ENGINEERING -2K13,40,GNRL
1067,21,31,2013, SCHEME OF MSc.(PASS) -GEOGRAPHY 2013,40,GNRL
1068,8,7,2013,SCHEME OF BS(IT)  2K13,40,GNRL
1069,32,55,2013,M.A.(PASS) INTERNATIONAL RELATIONS 2K13,40,GNRL
1070,32,146,2013,BS(INTERNATIONAL RELATIONS) 2K13,40,GNRL
1071,76,173,2013,LLB Five Years Degree Program 2K13,40,GNRL
1072,33,56,2013,PGD (LIS) 2K13,40,GNRL
1073,33,57,2013,MLIS 2K13,40,GNRL
1074,34,60,2013,M.A. (PASS) - MASS COMMUNICATION 2K13,40,GNRL
1075,34,143,2013,BS(MASS COMMUNICATION) 2K13,40,GNRL
1076,64,118,2013,SCHEME OF BS (MATHEMATICS) 2K13,40,GNRL
1077,64,119,2013,M.Sc. (PREVIOUS) MATHEMATICS 2K13,40,GNRL
1078,23,34,2013,SCHEME OF BS(MICROBIOLOGY) 2K13,40,GNRL
1079,58,68,2013,SCHEME OF MUSLIM HISTORY 2K13,40,GNRL
1080,58,69,2012,SCHEME OF M.A. (H) - MUSLIM HISTORY (2K12),40,GNRL
1081,58,70,2013,M.A (PASS) -MUSLIM HISTORY 2K13,40,GNRL
1082,66,127,2013,MA.(PASS) -PAKISTAN STUDY CENTER -2K13,40,GNRL
1083,63,117,2013,SCHEME OF PHARM. D. 2K13,50,GNRL
1084,46,97,2013,SCHEME OF PHILOSOPHY 2K13,40,GNRL
1085,46,98,2013,SCHEME OF M.A. (PASS) - PHILOSOPHY 2013,40,GNRL
1086,24,36,2013,Scheme of BS(Physics) 2K13,40,GNRL
1087,24,37,2013, SCHEME OF M.Sc (PREVIOUS) PHYSICS 2K13,40,GNRL
1088,25,38,2013,SCHEME OF PHYSIOLOGY 2K13,40,GNRL
1089,36,72,2013,M.A. (PASS) POLITICAL SCIENCES 2K13,40,GNRL
1090,36,147,2013,BS(POLITICAL SCIENCE) 2K13,40,GNRL
1091,37,74,2013,SCHEME OF M.A. (PASS) - PSYCHOLOGY 2K13,40,GNRL
1092,37,75,2013,SCHEME OF M.Sc.(PASS) - PSYCHOLOGY 2K13,40,GNRL
1093,37,138,2013,BS (PSYCHOLOGY) 2K13 SOCIAL SCIENCES,40,GNRL
1094,38,78,2013,SCHEME OF M.P.A (PASS) (2K13) MORNING,50,MORN
1095,38,150,2013,BS (PUBLIC ADMINISTRATION) 2K13,50,GNRL
1096,16,149,2013,BS (SDSC) 2K13,40,GNRL
1097,47,88,2013,SCHEME OF M.A. (PASS) - SINDHI 2K13,40,GNRL
1098,47,174,2013,BS (SINDHI) 2K13,40,GNRL
1099,40,84,2013,SCHEME OF M.A. (PASS) - SOCIAL WORK 2K13,40,GNRL
1100,40,148,2013,BS(SOCIAL WORK) 2K13,40,GNRL
1101,39,81,2013,SCHEME OF M.A (PASSS) - SOCIOLOGY 2K13,40,GNRL
1102,39,145,2013,BS (SOCIOLOGY) 2K13,40,GNRL
1103,13,11,2013,BS (SOFTWARE ENGINEERING) 2K13,40,GNRL
1104,26,40,2013,SCHEME OF BS(STATISTICS) 2K13,40,GNRL
1105,14,12,2013,SCHEME OF BS(TELECOMMUNICATION) 2K13,40,GNRL
1106,48,92,2013,SCHEME OF URDU 2K13,40,GNRL
1107,48,93,2010,SCHEME OF M.A. (H) URDU (2K10),40,GNRL
1108,48,99,2013,SCHEME OF M.A. (PASS) - URDU 2K13,40,GNRL
1109,27,42,2013,Scheme of BS(ZOOLOGY) 2K13 (New Scheme),40,GNRL
1110,27,43,2013, SCHEME OF M.Sc. (PASS) - ZOOLOGY 2K13,40,GNRL
1111,29,47,2013,SCHEME M.Sc. HOME ECONOMICS 2K13,40,GNRL
1112,50,102,2013,SCHEME OF  BA (H) ARABIC 2K13,40,GNRL
1113,50,103,2010,SCHEME OF M.A. (H) - ARABIC 2K10,40,GNRL
1114,50,104,2013,SCHEME OF M.A. (PASS) - ARABIC 2K13,40,GNRL
1115,51,105,2013,SCHEME OF PERSIAN 2K13,40,GNRL
1116,51,107,2013,SCHEME OF M.A. (PASS) - PERSIAN 2K13,40,GNRL
1117,29,48,2013,SCHEME OF WDS 2K13,40,GNRL
1118,49,139,2013,BACHELOR OF DESIGN (2K13),40,GNRL
1119,49,170,2013,BACHELOR OF FINE ARTS (2K13),40,GNRL
1120,57,65,2013,SCHEME OF B.A. (H) - RELIGION (2K13),40,GNRL
1121,57,66,2010,SCHEME OF M.A. (H) - RELIGION 2K10,40,GNRL
1122,57,67,2013,SCHEME OF M.A. (PASS) -RELIGION 2K13,40,GNRL
1123,31,52,2013,M.A. (PASS) GENERAL HISTORY 2013,40,GNRL
1124,61,203,2013,BS (ENVIRONMENTAL SCIENCES) 2K13,40,GNRL
1125,49,101,2013,SCHEME OF M.A. (PASS) - FINE ARTS 2013,40,GNRL
1126,41,204,2013,BS (CRIMINOLOGY) 2K13,40,GNRL
1127,37,152,2014,BS (PSYCHOLOGY) N.S 2K14,40,GNRL
1128,86,206,2013,BS (NUTRITION & FOOD TECHNOLOGY ) 2K13,40,GNRL
1129,76,207,2012,LLM 2K12  EQUIVALENT TO M.PHILL.,40,GNRL
1130,2,4,2014,Scheme of BBA (H) 2K14 (REVISED),60,GNRL
1131,76,207,2013,LLM 2K13  EQUIVALENT TO M.PHILL.,40,GNRL
1132,49,212,2013,,40,GNRL
1133,49,213,2013,,40,GNRL
1134,73,164,2014,SCHEME OF BS (ANTHROPOLOGY & A) 2K14,40,GNRL
1135,49,170,2014,BACHELOR OF FINE ARTS (2K14),40,GNRL
1136,49,212,2014,,40,GNRL
1137,49,213,2014,,40,GNRL
1138,60,113,2014,BS (BIOCHEMISTRY) 2K14,40,GNRL
1139,60,114,2014,M.Sc. (PASS) BIOCHEMISTRY (2K14),40,GNRL
1140,65,125,2014,SCHEME OF BIOTECH. MSc (Pass) 2K14,40,GNRL
1141,19,26,2014,Scheme of BS (BOTANY) 2K14,40,GNRL
1142,19,27,2014, SCHEME OF M.Sc. (PASS) BOTANY (2K14),40,GNRL
1143,2,5,2010,SCHEME OF MBA (H) 2K9 Equ. to M.PHILL Revised,60,GNRL
1144,2,6,2014,SCHEME OF M.B.A (PASS) 2K14,60,GNRL
1145,2,109,2014,M.B.A. (PASS) EVENING 03 Semster/ year  (2K14),60,GNRL
1146,30,141,2014,SCHEME OF BS (HPED) YEAR 2K14,40,GNRL
1147,30,183,2014,BPEHSS (2K14),40,GNRL
1148,30,184,2014,MPEHSS (2K14),40,GNRL
1149,78,181,,,,GNRL
1150,22,32,2014,SCHEME OF BS(GEOLOGY) 2K14,40,GNRL
1151,61,115,2014,CENTRE OF ENVIRONMENTAL SCIENCES 2K14,40,GNRL
1152,61,203,2014,BS (ENVIRONMENTAL SCIENCES) 2K14,40,GNRL
1153,12,10,2014,SCHEME OF BS(CHEMISTRY) 2K14,40,GNRL
1154,12,24,2014,SCHEME OF M.Sc. (PASS) CHEMISTRY (2K14),40,GNRL
1155,42,112,2014,M. COM (PASS) 2K14,40,GNRL
1156,42,155,2014,BS (COMMERCE) 2K14,40,GNRL
1157,10,8,2014,BS(CS)   (PM&COM) 2K14 (REVISED),40,MEDL
1158,10,8,2014,BS(CS)   (P.E.) 2K14 (REVISED),40,ENGG
1159,10,23,2014,SCHEME OF MCS 2K14,40,GNRL
1160,10,108,2014,M.Sc. (PASS) COMPUTER SCIENCE 2K14,40,GNRL
1161,10,123,2014,PGD (COMPUTER SCIENCE) 2K14,40,GNRL
1162,41,85,2014,SCHEME OF MSc. (CRIMNOLOGY) 2K14,40,GNRL
1163,41,204,2014,BS (CRIMINOLOGY) 2K14,40,GNRL
1164,1,14,2014,SCHEME OF M.A. (PASS) -ECONOMICS 2K14,40,GNRL
1165,1,142,2014,BS (ECONOMICS) 2K14,40,GNRL
1166,67,134,2014,B.Ed.   2 Semester Programe 2K14,40,GNRL
1167,67,135,2014,M.Ed.   2 Semester Programe 2K14,40,GNRL
1168,67,137,2014,M.A.  EDUCATION  4 Semester Programe 2K14,40,GNRL
1169,67,185,2014,B.ED (HONS) ELEMENTARY 2K14,40,GNRL
1170,74,168,2014,B.Ed Sindh University Laar College@Badin 2K14,40,GNRL
1171,74,194,2014,,40,GNRL
1172,45,169,2014,BS (ENGLISH) 08-SEMESTER PROGRAM 2014,40,GNRL
1173,45,96,2014,M.A (PASS) PREVOIUS (ENGLISH) 2K14,40,GNRL
1174,20,28,2014,SCHEME OF BS(FWBF ) 2K14,40,GNRL
1175,20,29,2014, SCHEME OF M.Sc. (PASS) - (FWB&F) 2014,40,GNRL
1176,31,52,2014,M.A. (PASS) GENERAL HISTORY 2014,40,GNRL
1177,31,144,2014,BS(GENERAL HISTORY) 2K14,40,GNRL
1178,18,25,2014,SCHEME OF GENETICS ENGINEERING -2K14,40,GNRL
1179,21,30,2014,SCHEME OF BS(GEOGRAPHY) 2K14,40,GNRL
1180,21,31,2014, SCHEME OF MSc.(PASS) -GEOGRAPHY 2014,40,GNRL
1181,8,7,2014,SCHEME OF BS(IT)  2K14,40,GNRL
1182,32,55,2014,M.A.(PASS) INTERNATIONAL RELATIONS 2K14,40,GNRL
1183,32,146,2014,BS(INTERNATIONAL RELATIONS) 2K14,40,GNRL
1184,76,173,2014,LLB Five Years Degree Program 2K14,40,GNRL
1185,33,56,2014,PGD (LIS) 2K14,40,GNRL
1186,33,57,2014,MLIS 2K14,40,GNRL
1187,34,60,2014,M.A. (PASS) - MASS COMMUNICATION 2K14,40,GNRL
1188,34,143,2014,BS(MASS COMMUNICATION) 2K14,40,GNRL
1189,64,118,2014,SCHEME OF BS (MATHEMATICS) 2K14,40,GNRL
1190,64,119,2014,M.Sc. (PREVIOUS) MATHEMATICS 2K14,40,GNRL
1191,23,34,2014,SCHEME OF BS(MICROBIOLOGY) 2K14,40,GNRL
1192,80,188,2014,B.B.A (HONS) 4-YEARS (2K14),60,GNRL
1193,80,189,2014,BS (IT) 2K14,40,GNRL
1194,80,190,2014,BS (ENGLISH) 2K14,40,GNRL
1195,80,191,2014,MBA (PASS) 2K14,60,GNRL
1196,80,192,2014,M.B.A (EVENING) 2K14,60,GNRL
1197,58,70,2014,M.A (PASS) -MUSLIM HISTORY 2K14,40,GNRL
1198,86,206,2014,BS (NUTRITION & FOOD TECHNOLOGY ) 2K14,40,GNRL
1199,66,127,2014,MA.(PASS) -PAKISTAN STUDY CENTER -2K14,40,GNRL
1200,63,117,2014,SCHEME OF PHARM. D. 2K14,50,GNRL
1201,24,36,2014,Scheme of BS(Physics) 2K14,40,GNRL
1202,24,37,2014, SCHEME OF M.Sc (PREVIOUS) PHYSICS 2K14,40,GNRL
1203,25,38,2014,SCHEME OF PHYSIOLOGY 2K14,40,GNRL
1204,25,39,2014, SCHEME OF M.Sc (PASS) - PHYSIOLOGY 2K14,40,GNRL
1205,36,72,2014,M.A. (PASS) POLITICAL SCIENCES 2K14,40,GNRL
1206,36,147,2014,BS(POLITICAL SCIENCE) 2K14,40,GNRL
1207,37,74,2014,SCHEME OF M.A. (PASS) - PSYCHOLOGY 2K14,40,GNRL
1208,37,75,2014,SCHEME OF M.Sc.(PASS) - PSYCHOLOGY 2K14,40,GNRL
1209,37,138,2014,BS (PSYCHOLOGY) SOCIAL SCIENCES 2K14,40,GNRL
1210,38,78,2014,SCHEME OF M.P.A (PASS) (2K14) MORNING,50,GNRL
1211,38,150,2014,BS (PUBLIC ADMINISTRATION) 2K14,50,GNRL
1212,16,149,2014,BS (SDSC) 2K14,40,GNRL
1213,85,199,2014,B.B.A (HONS) 2K14,60,GNRL
1214,85,200,2014,BS (CS) P.M 2K14,40,MEDL
1215,85,200,2014,BS (CS) P.E 2K14,40,ENGG
1216,85,201,2014,BS (ENGLISH) 2K14,40,GNRL
1217,85,202,2014,M.B.A (EVENING) 2K14,60,GNRL
1218,77,175,2014,B.B.A. 4-Year Degree Program 2014,60,GNRL
1219,77,176,2014,BS (COMMERCE) Year Degree Program 2014,40,GNRL
1220,77,177,2014,BS (CS) Pre-Medical 2014,40,MEDL
1221,77,177,2014,BS (CS) Pre-Engineering 2014,40,ENGG
1222,77,178,2014,BS (IT) 4-Year Degree Program 2014,40,GNRL
1223,77,179,2014,BS (GEOLOGY) 2014,40,GNRL
1224,84,195,2014,B.B.A (HONS) 2K14,60,GNRL
1225,84,196,2014,BS (ENGLISH) 2K14,40,GNRL
1226,84,197,2014,BS (CS) P.M 2K14,40,MEDL
1227,84,197,2014,BS (CS) P.E 2K14,40,ENGG
1228,84,198,2014,M.B.A (EVENING) 2K14,60,GNRL
1229,72,159,2014,B.B.A. (H) 2K14,60,GNRL
1230,72,160,2014,BS (COMMERCE) 2K14,40,GNRL
1231,72,161,2014,BS (COMPUTER SCIENCE) P.M. 2K14,40,MEDL
1232,72,161,2014,BS (COMPUTER SCIENCE) P.E. 2K14,40,ENGG
1233,72,167,2014,M.B.A. (EVENING) 2K14,60,GNRL
1234,47,88,2014,SCHEME OF M.A. (PASS) - SINDHI 2K14,40,GNRL
1235,47,174,2014,BS (SINDHI) 2K14,40,GNRL
1236,40,84,2014,SCHEME OF M.A. (PASS) - SOCIAL WORK 2K14,40,GNRL
1237,40,148,2014,BS(SOCIAL WORK) 2K14,40,GNRL
1238,39,81,2014,SCHEME OF M.A (PASSS) - SOCIOLOGY 2K14,40,GNRL
1239,39,145,2014,BS (SOCIOLOGY) 2K14,40,GNRL
1240,13,11,2014,BS (SOFTWARE ENGINEERING) 2K14,40,GNRL
1241,26,40,2014,SCHEME OF BS(STATISTICS) 2K14,40,GNRL
1242,14,12,2014,SCHEME OF BS(TELECOMMUNICATION) 2K14,40,GNRL
1243,48,99,2014,SCHEME OF M.A. (PASS) - URDU 2K14,40,GNRL
1244,29,47,2014,SCHEME M.Sc. HOME ECONOMICS 2K14,40,GNRL
1245,29,48,2014,SCHEME OF WDS 2K14,40,GNRL
1246,27,42,2014,Scheme of BS(ZOOLOGY) 2K14 (New Scheme),40,GNRL
1247,27,43,2014, SCHEME OF M.Sc. (PASS) - ZOOLOGY 2K14,40,GNRL
1248,15,13,2014,SCHEME OF BS (ELECTRONICS) 2K14,40,GNRL
1249,80,188,2015,B.B.A (HONS) 4-YEARS (2K15),60,GNRL
1250,33,216,2014,BS (LIS) 2K14,40,GNRL
1251,64,119,2015,M.Sc. (PREVIOUS) MATHEMATICS 2K15,40,GNRL
1252,64,119,2016,M.Sc. (Pass Side) Maths (New Scheme) 2K16,40,GNRL
1253,89,218,2014,B.B.A (HONS) 2K14,60,GNRL
1254,89,219,2014,BS (ENGLISH) 2K14,40,GNRL
1255,89,220,2014,BS (COMPUTER SCIENCE) P.M 2K14,40,MEDL
1256,89,221,2014,M.B.A (PASS) 2K14,60,GNRL
1257,89,220,2014,BS (COMPUTER SCIENCE) P.E 2K14,40,ENGG
1258,26,41,2014, SCHEME OF M.Sc. (PASS) - STATISTICS 2K14,40,GNRL
1259,67,162,2011,M.A. (H) EDUCATION 2K11 BATCH,40,GNRL
1260,80,217,2014,,40,GNRL
1261,80,217,2015,,40,GNRL
1262,65,214,2014,,40,GNRL
1263,57,64,2014,MA (PASS) ISLAMIC CULTURE 2K14,40,GNRL
1264,57,66,2011,SCHEME OF M.A. (H) - RELIGION 2K11,40,GNRL
1265,57,63,2011,SCHEME OF M.A. (H) - ISLAMIC CULTURE (2k11),40,GNRL
1266,57,62,2014,SCHEME OF ISLAMIC CULTURE (2K14),40,GNRL
1267,58,68,2014,SCHEME OF MUSLIM HISTORY 2K14,40,GNRL
1268,48,92,2014,SCHEME OF URDU 2K14,40,GNRL
1269,48,93,2011,SCHEME OF M.A. (H) URDU (2K11),40,GNRL
1270,46,97,2014,SCHEME OF PHILOSOPHY 2K14,40,GNRL
1271,57,65,2014,SCHEME OF B.A. (H) - RELIGION (2K14),40,GNRL
1272,57,67,2014,SCHEME OF M.A. (PASS) -RELIGION 2K14,40,GNRL
1273,46,165,2011,M.A (HONS) PHILOSOPHY 2K11,40,GNRL
1274,46,98,2014,SCHEME OF M.A. (PASS) - PHILOSOPHY 2014,40,GNRL
1275,50,102,2014,SCHEME OF  BA (H) ARABIC 2K14,40,GNRL
1276,50,103,2011,SCHEME OF M.A. (H) - ARABIC 2K11,40,GNRL
1277,50,104,2014,SCHEME OF M.A. (PASS) - ARABIC 2K14,40,GNRL
1278,41,204,2015,BS (CRIMINOLOGY) 2K15,40,GNRL
1279,29,215,2014,,40,GNRL
1280,87,208,2014,B.B.A (HONS) 2K14,60,GNRL
1281,87,209,2014,M.A (PASS) SUFISM & PEACE 2K14,40,GNRL
1282,87,210,2014,M.A (PASS) ENGLISH,40,GNRL
1283,87,211,2015,M.A (PASS) POLITICAL SCIENCE 2K14,40,GNRL
1284,76,207,2014,LLM 2K14  EQUIVALENT TO M.PHILL.,40,GNRL
1285,67,223,2014,B.ED. (HONS) ELEMENTARY FOLLOWED BY A.D.E,40,GNRL
1286,114,224,2015,,40,GNRL
1287,108,225,2015,,40,GNRL
1288,103,226,2015,,40,GNRL
1289,105,227,2015,,40,GNRL
1290,110,228,2015,,40,GNRL
1291,112,229,2015,,40,GNRL
1292,107,230,2015,,40,GNRL
1293,109,231,2015,,40,GNRL
1294,104,232,2015,,40,GNRL
1295,106,233,2015,,40,GNRL
1296,111,234,2015,,40,GNRL
1297,113,235,2015,,40,GNRL
1298,99,,2015,,40,GNRL
1300,73,164,2015,SCHEME OF BS (ANTHROPOLOGY & A) 2K15,40,GNRL
1299,67,185,2014,B.ED (HONS) ELEMENTARY 2K14 (ADE SIDE),40,BADE
1301,49,170,2015,BACHELOR OF FINE ARTS (2K15),40,GNRL
1302,49,212,2015,,40,GNRL
1303,49,213,2015,,40,GNRL
1304,60,113,2015,BS (BIOCHEMISTRY) 2K15,40,GNRL
1305,60,114,2015,M.Sc. (PASS) BIOCHEMISTRY (2K15),40,GNRL
1306,65,125,2015,SCHEME OF BIOTECH. MSc (Pass) 2K15,40,GNRL
1307,65,214,2015,,40,GNRL
1308,19,26,2015,Scheme of BS (BOTANY) 2K15,40,GNRL
1309,19,27,2015, SCHEME OF M.Sc. (PASS) BOTANY (2K15),40,GNRL
1310,2,4,2015,Scheme of BBA (H) 2K15,60,GNRL
1311,2,5,2014,SCHEME OF MBA (H) 2K14 Equ. to M.PHILL Revised,60,GNRL
1312,2,6,2015,SCHEME OF M.B.A (PASS) 2K15,60,GNRL
1313,2,109,2015,M.B.A. (PASS) EVENING 03 Semster/ year  (2K15),60,GNRL
1314,30,141,2015,SCHEME OF BS (HPED) YEAR 2K15,40,GNRL
1315,30,183,2015,BPEHSS (2K15),40,GNRL
1316,30,184,2015,MPEHSS (2K15),40,GNRL
1317,22,32,2015,SCHEME OF BS(GEOLOGY) 2K15,40,GNRL
1318,61,115,2015,CENTRE OF ENVIRONMENTAL SCIENCES 2K15,40,GNRL
1319,61,203,2015,BS (ENVIRONMENTAL SCIENCES) 2K15,40,GNRL
1320,12,10,2015,SCHEME OF BS(CHEMISTRY) 2K15,40,GNRL
1321,12,24,2015,SCHEME OF M.Sc. (PASS) CHEMISTRY (2K15),40,GNRL
1322,42,155,2015,BS (COMMERCE) 2K15,40,GNRL
1323,42,112,2015,M. COM (PASS) 2K15,40,GNRL
1324,10,8,2015,BS(CS)   (PM&COM) 2K15,40,MEDL
1325,10,8,2015,BS(CS)   (P.E.) 2K15,40,ENGG
1326,10,23,2015,SCHEME OF MCS 2K15,40,GNRL
1327,10,108,2015,M.Sc. (PASS) COMPUTER SCIENCE 2K15,40,GNRL
1328,10,123,2015,PGD (COMPUTER SCIENCE) 2K15,40,GNRL
1329,41,85,2015,SCHEME OF MSc. (CRIMNOLOGY) 2K15,40,GNRL
1330,1,14,2015,SCHEME OF M.A. (PASS) -ECONOMICS 2K15,40,GNRL
1331,1,142,2015,BS (ECONOMICS) 2K15,40,GNRL
1332,67,134,2015,B.Ed.   2 Semester Programe 2K15,40,GNRL
1333,67,135,2015,M.Ed.   2 Semester Programe 2K15,40,GNRL
1334,67,137,2015,M.A.  EDUCATION  4 Semester Programe 2K15,40,GNRL
1335,67,185,2015,B.ED (HONS) ELEMENTARY 2K15,40,GNRL
1336,67,185,2015,B.ED (HONS) ELEMENTARY 2K15 (ADE SIDE),40,BADE
1337,74,168,2015,B.Ed Sindh University Laar College@Badin 2K15,40,GNRL
1338,74,194,2015,,40,GNRL
1339,15,13,2015,SCHEME OF BS (ELECTRONICS) 2K15,40,GNRL
1340,45,96,2015,M.A (PASS) PREVOIUS (ENGLISH) 2K15,40,GNRL
1341,45,169,2015,BS (ENGLISH) 08-SEMESTER PROGRAM 2015,40,GNRL
1342,20,28,2015,SCHEME OF BS(FWBF ) 2K15,40,GNRL
1343,20,29,2015, SCHEME OF M.Sc. (PASS) - (FWB&F) 2015,40,GNRL
1344,82,236,2014,,60,GNRL
1345,82,193,2012,,60,GNRL
1346,82,236,2013,,60,GNRL
1347,29,215,2015,,40,GNRL
1348,31,52,2015,M.A. (PASS) GENERAL HISTORY 2015,40,GNRL
1349,31,144,2015,BS(GENERAL HISTORY) 2K15,40,GNRL
1350,18,25,2015,SCHEME OF GENETICS ENGINEERING -2K15,40,GNRL
1351,21,30,2015,SCHEME OF BS(GEOGRAPHY) 2K15,40,GNRL
1352,21,31,2015, SCHEME OF MSc.(PASS) -GEOGRAPHY 2015,40,GNRL
1353,8,7,2015,SCHEME OF BS(IT)  2K15,40,GNRL
1354,32,55,2015,M.A.(PASS) INTERNATIONAL RELATIONS 2K15,40,GNRL
1355,32,146,2015,BS(INTERNATIONAL RELATIONS) 2K15,40,GNRL
1356,76,173,2015,LLB Five Years Degree Program 2K15,40,GNRL
1359,33,216,2015,BS (LIS) 2K15,40,GNRL
1357,33,56,2015,PGD (LIS) 2K15,40,GNRL
1358,33,57,2015,MLIS 2K15,40,GNRL
1360,64,118,2015,SCHEME OF BS (MATHEMATICS) 2K15,40,GNRL
1361,34,60,2015,M.A. (PASS) - MASS COMMUNICATION 2K15,40,GNRL
1362,34,143,2015,BS(MASS COMMUNICATION) 2K15,40,GNRL
1363,23,34,2015,SCHEME OF BS(MICROBIOLOGY) 2K15,40,GNRL
1364,80,188,2016,B.B.A (HONS) 4-YEARS (2K16),60,GNRL
1365,80,189,2015,BS (IT) 2K15,40,GNRL
1366,80,190,2015,BS (ENGLISH) 2K15,40,GNRL
1367,80,191,2015,MBA (PASS) 2K15,60,GNRL
1368,80,192,2015,M.B.A (EVENING) 2K15,60,GNRL
1369,58,70,2015,M.A (PASS) -MUSLIM HISTORY 2K15,40,GNRL
1370,86,206,2015,BS (NUTRITION & FOOD TECHNOLOGY ) 2K15,40,GNRL
1371,66,127,2015,MA.(PASS) -PAKISTAN STUDY CENTER -2K15,40,GNRL
1372,63,117,2015,SCHEME OF PHARM. D. 2K15,50,GNRL
1373,24,36,2015,Scheme of BS(Physics) 2K15,40,GNRL
1374,24,37,2015, SCHEME OF M.Sc (PREVIOUS) PHYSICS 2K15,40,GNRL
1375,25,38,2015,SCHEME OF PHYSIOLOGY 2K15,40,GNRL
1376,25,39,2015, SCHEME OF M.Sc (PASS) - PHYSIOLOGY 2K15,40,GNRL
1377,36,72,2015,M.A. (PASS) POLITICAL SCIENCES 2K15,40,GNRL
1378,37,74,2015,SCHEME OF M.A. (PASS) - PSYCHOLOGY 2K15,40,GNRL
1379,37,75,2015,SCHEME OF M.Sc.(PASS) - PSYCHOLOGY 2K15,40,GNRL
1380,37,152,2015,BS (PSYCHOLOGY) N.S 2K15,40,GNRL
1381,38,150,2015,BS (PUBLIC ADMINISTRATION) 2K15,50,GNRL
1382,38,78,2015,SCHEME OF M.P.A (PASS) (2K15) MORNING,50,GNRL
1383,16,149,2015,BS (SDSC) 2K15,40,GNRL
1384,87,208,2015,B.B.A (HONS) 2K15,60,GNRL
1385,87,209,2015,M.A (PASS) SUFISM & PEACE 2K15,40,GNRL
1386,87,210,2015,M.A (PASS) ENGLISH,40,GNRL
1387,85,199,2015,B.B.A (HONS) 2K15,60,GNRL
1388,85,200,2015,BS (CS) P.M 2K15,40,MEDL
1389,85,200,2015,BS (CS) P.E 2K15,40,ENGG
1390,85,201,2015,BS (ENGLISH) 2K15,40,GNRL
1391,85,202,2015,M.B.A (EVENING) 2K15,60,GNRL
1392,77,175,2015,B.B.A. 4-Year Degree Program 2015,60,GNRL
1393,77,176,2015,BS (COMMERCE) Year Degree Program 2015,40,GNRL
1394,77,177,2015,BS (CS) Pre-Medical 2015,40,MEDL
1395,77,177,2015,BS (CS) Pre-Engineering 2015,40,ENGG
1396,77,177,2016,BS (CS)  2016,40,GNRL
1397,77,178,2015,BS (IT) 4-Year Degree Program 2015,40,GNRL
1398,77,179,2015,BS (GEOLOGY) 2015,40,GNRL
1399,84,195,2015,B.B.A (HONS) 2K15,60,GNRL
1400,84,196,2015,BS (ENGLISH) 2K15,40,GNRL
1401,84,197,2015,BS (CS) P.M 2K15,40,MEDL
1402,84,197,2015,BS (CS) P.E 2K15,40,ENGG
1403,84,198,2015,M.B.A (EVENING) 2K15,60,GNRL
1404,72,159,2015,B.B.A. (H) 2K15,60,GNRL
1405,72,160,2015,BS (COMMERCE) 2K15,40,GNRL
1406,72,161,2015,BS (COMPUTER SCIENCE) P.M. 2K15,40,MEDL
1407,72,161,2015,BS (COMPUTER SCIENCE) P.E. 2K15,40,ENGG
1408,72,167,2015,M.B.A. (EVENING) 2K15,60,GNRL
1409,47,88,2015,SCHEME OF M.A. (PASS) - SINDHI 2K15,40,GNRL
1410,47,174,2015,BS (SINDHI) 2K15,40,GNRL
1411,40,84,2015,SCHEME OF M.A. (PASS) - SOCIAL WORK 2K15,40,GNRL
1412,40,148,2015,BS(SOCIAL WORK) 2K15,40,GNRL
1413,39,81,2015,SCHEME OF M.A (PASSS) - SOCIOLOGY 2K15,40,GNRL
1414,39,145,2015,BS (SOCIOLOGY) 2K15,40,GNRL
1415,13,11,2015,BS (SOFTWARE ENGINEERING) 2K15,40,GNRL
1416,26,40,2015,SCHEME OF BS(STATISTICS) 2K15,40,GNRL
1417,89,218,2015,B.B.A (HONS) 2K15,60,GNRL
1418,89,219,2015,BS (ENGLISH) 2K15,40,GNRL
1419,89,220,2015,BS (COMPUTER SCIENCE) P.M 2K15,40,MEDL
1420,89,220,2015,BS (COMPUTER SCIENCE) P.E 2K15,40,ENGG
1421,89,221,2015,M.B.A (PASS) 2K15,60,GNRL
1422,14,12,2015,SCHEME OF BS(TELECOMMUNICATION) 2K15,40,GNRL
1423,27,42,2015,Scheme of BS(ZOOLOGY) 2K15 (New Scheme),40,GNRL
1424,27,43,2015, SCHEME OF M.Sc. (PASS) - ZOOLOGY 2K15,40,GNRL
1425,36,147,2015,BS(POLITICAL SCIENCE) 2K15,40,GNRL
1426,37,138,2015,BS (PSYCHOLOGY) SOCIAL SCIENCES 2K15,40,GNRL
1427,48,92,2015,,40,GNRL
1428,48,99,2015,SCHEME OF M.A. (PASS) - URDU 2K15,40,GNRL
1429,87,237,2015,BS (ENGLISH) 2K15,40,GNRL
1430,26,41,2015, SCHEME OF M.Sc. (PASS) - STATISTICS 2K15,40,GNRL
1431,2,187,2015,2K15 MBA (04 YEAR DEGREE PROGRAM) 2015,60,GNRL
1432,80,238,2015,2K15- MBA (04 YEAR),60,GNRL
1433,89,239,2015,2K15- MBA (04 YEAR),60,GNRL
1434,49,101,2015,SCHEME OF M.A. (PASS) - FINE ARTS 2015,40,GNRL
1436,67,162,2012,M.A. (H) EDUCATION 2K12 BATCH,40,GNRL
1437,117,240,2015,SCHEME OF BS (MLT) 2K15,40,GNRL
1438,48,93,2012,SCHEME OF M.A. (H) URDU (2K12),40,GNRL
1439,48,93,2013,SCHEME OF M.A. (H) URDU (2K13),40,GNRL
1440,48,93,2014,SCHEME OF M.A. (H) URDU (2K14),40,GNRL
1441,48,93,2015,SCHEME OF M.A. (H) URDU (2K15),40,GNRL
1442,37,138,2016,BS (PSYCHOLOGY) SOCIAL SCIENCES 2K16,40,GNRL
1443,29,47,2015,SCHEME M.Sc. HOME ECONOMICS 2K15,40,GNRL
1444,29,48,2015,SCHEME OF WDS 2K15,40,GNRL
1445,89,241,2015,BS (IT) 2K15,40,GNRL
1446,58,242,2015,BS (MUSLIM HISTORY) 2K15,40,GNRL
1447,57,243,2015,BS (ISLAMIC CULTURE/ ISLAMIC STUDIES) 2K15,40,GNRL
1448,57,244,2015,BS (COMPARATIVE RELIGION) 2K15,40,GNRL
1449,58,69,2013,SCHEME OF M.A. (H) - MUSLIM HISTORY (2K13),40,GNRL
1450,58,69,2014,SCHEME OF M.A. (H) - MUSLIM HISTORY (2K14),40,GNRL
1451,57,63,2012,SCHEME OF M.A. (H) - ISLAMIC CULTURE (2k12),40,GNRL
1452,57,63,2013,SCHEME OF M.A. (H) - ISLAMIC CULTURE (2k13),40,GNRL
1453,57,63,2014,SCHEME OF M.A. (H) - ISLAMIC CULTURE (2k14),40,GNRL
1454,50,102,2015,SCHEME OF  BA (H) ARABIC 2K15,40,GNRL
1455,51,105,2015,SCHEME OF PERSIAN 2K15,40,GNRL
1456,46,97,2015,SCHEME OF PHILOSOPHY 2K15,40,GNRL
1457,50,103,2012,SCHEME OF M.A. (H) - ARABIC 2K12,40,GNRL
1458,50,103,2013,SCHEME OF M.A. (H) - ARABIC 2K13,40,GNRL
1459,51,106,2012,SCHEME OF M.A. (H) - PERSIAN 2K12,40,GNRL
1460,51,106,2013,SCHEME OF M.A. (H) - PERSIAN 2K13,40,GNRL
1461,51,106,2014,SCHEME OF M.A. (H) - PERSIAN 2K14,40,GNRL
1462,51,106,2015,SCHEME OF M.A. (H) - PERSIAN 2K15,40,GNRL
1463,46,165,2012,M.A (HONS) PHILOSOPHY 2K12,40,GNRL
1464,46,165,2013,M.A (HONS) PHILOSOPHY 2K13,40,GNRL
1465,46,165,2014,M.A (HONS) PHILOSOPHY 2K14,40,GNRL
1466,46,165,2015,M.A (HONS) PHILOSOPHY 2K15,40,GNRL
1467,50,103,2014,SCHEME OF M.A. (H) - ARABIC 2K14,40,GNRL
1468,50,103,2015,SCHEME OF M.A. (H) - ARABIC 2K15,40,GNRL
1469,57,67,2015,SCHEME OF M.A. (PASS) -RELIGION 2K15,40,GNRL
1470,57,64,2015,MA (PASS) ISLAMIC CULTURE 2K15,40,GNRL
1471,57,66,2012,SCHEME OF M.A. (H) - RELIGION 2K12,40,GNRL
1472,57,66,2013,SCHEME OF M.A. (H) - RELIGION 2K13,40,GNRL
1473,57,66,2014,SCHEME OF M.A. (H) - RELIGION 2K14,40,GNRL
1474,73,164,2016,SCHEME OF BS (ANTHROPOLOGY & A) 2K16,40,GNRL
1475,49,170,2016,BACHELOR OF FINE ARTS (2K16),40,GNRL
1476,49,212,2016,,40,GNRL
1477,49,213,2016,,40,GNRL
1478,60,113,2016,BS (BIOCHEMISTRY) 2K16,40,GNRL
1479,60,114,2016,M.Sc. (PASS) BIOCHEMISTRY (2K16),40,GNRL
1480,65,125,2016,SCHEME OF BIOTECH. MSc (Pass) 2K16,40,GNRL
1481,65,214,2016,,40,GNRL
1482,19,26,2016,,40,GNRL
1483,19,27,2016, SCHEME OF M.Sc. (PASS) BOTANY (2K16),40,GNRL
1484,2,4,2016,Scheme of BBA (H) 2K16,60,GNRL
1485,2,5,2015,SCHEME OF MBA (H) 2K15 Equ. to M.PHILL Revised,60,GNRL
1486,2,5,2016,SCHEME OF MBA (H) 2K16 Equ. to M.PHILL Revised,60,GNRL
1487,2,109,2016,M.B.A. (PASS) EVENING 03 Semster/ year  (2K16),60,GNRL
1488,2,187,2016,2K15 MBA (04 YEAR DEGREE PROGRAM) 2016,60,GNRL
1489,30,141,2016,SCHEME OF BS (HPED) YEAR 2K16,40,GNRL
1490,30,183,2016,BPEHSS (2K16),40,GNRL
1491,30,184,2016,MPEHSS (2K16),40,GNRL
1492,22,32,2016,SCHEME OF BS(GEOLOGY) 2K16,40,GNRL
1493,61,115,2016,CENTRE OF ENVIRONMENTAL SCIENCES 2K16,40,GNRL
1494,61,203,2016,BS (ENVIRONMENTAL SCIENCES) 2K16,40,GNRL
1495,12,10,2016,SCHEME OF BS(CHEMISTRY) 2K16,40,GNRL
1496,12,24,2016,SCHEME OF M.Sc. (PASS) CHEMISTRY (2K16),40,GNRL
1497,57,244,2016,BS (COMPARATIVE RELIGION) 2K16,40,GNRL
1498,57,243,2016,BS (ISLAMIC CULTURE/ ISLAMIC STUDIES) 2K16,40,GNRL
1499,57,67,2016,SCHEME OF M.A. (PASS) -RELIGION 2K16,40,GNRL
1500,57,64,2016,MA (PASS) ISLAMIC CULTURE 2K16,40,GNRL
1501,10,8,2016,BS(CS)   (PM&COM) 2K16,40,MEDL
1502,10,8,2016,BS(CS)   (P.E.) 2K16,40,ENGG
1503,10,23,2016,SCHEME OF MCS 2K16,40,GNRL
1504,10,108,2016,M.Sc. (PASS) COMPUTER SCIENCE 2K16,40,GNRL
1505,41,85,2016,SCHEME OF MSc. (CRIMNOLOGY) 2K16,40,GNRL
1506,41,204,2016,BS (CRIMINOLOGY) 2K16,40,GNRL
1507,1,14,2016,SCHEME OF M.A. (PASS) -ECONOMICS 2K16,40,GNRL
1508,1,142,2016,BS (ECONOMICS) 2K16,40,GNRL
1509,67,134,2016,B.Ed.   2 Semester Programe 2K16,40,GNRL
1510,67,135,2016,M.Ed.   2 Semester Programe 2K16,40,GNRL
1511,67,137,2016,M.A.  EDUCATION  4 Semester Programe 2K16,40,GNRL
1512,15,13,2016,SCHEME OF BS (ELECTRONICS) 2K16,40,GNRL
1513,45,96,2016,M.A (PASS) PREVOIUS (ENGLISH) 2K16,40,GNRL
1514,45,96,2017,M.A (PASS) PREVOIUS (ENGLISH) 2K17,40,GNRL
1515,45,169,2016,BS (ENGLISH) 08-SEMESTER PROGRAM 2016,40,GNRL
1516,20,28,2016,SCHEME OF BS(FWBF ) 2K16,40,GNRL
1517,20,29,2016, SCHEME OF M.Sc. (PASS) - (FWB&F) 2016,40,GNRL
1518,29,47,2016,SCHEME M.Sc. HOME ECONOMICS 2K16,40,GNRL
1519,29,48,2016,SCHEME OF WDS 2K16,40,GNRL
1520,29,215,2016,,40,GNRL
1521,31,52,2016,M.A. (PASS) GENERAL HISTORY 2016,40,GNRL
1522,31,144,2016,BS(GENERAL HISTORY) 2K16,40,GNRL
1523,18,25,2016,SCHEME OF GENETICS ENGINEERING -2K16,40,GNRL
1524,21,30,2016,SCHEME OF BS(GEOGRAPHY) 2K16,40,GNRL
1525,21,31,2016, SCHEME OF MSc.(PASS) -GEOGRAPHY 2016,40,GNRL
1526,8,7,2016,SCHEME OF BS(IT)  2K16,40,GNRL
1527,32,55,2016,M.A.(PASS) INTERNATIONAL RELATIONS 2K16,40,GNRL
1528,32,146,2016,BS(INTERNATIONAL RELATIONS) 2K16,40,GNRL
1529,76,173,2016,LLB Five Years Degree Program 2K16,40,GNRL
1530,76,207,2015,LLM 2K15  EQUIVALENT TO M.PHILL.,60,GNRL
1531,76,207,2016,LLM  EQUIVALENT TO M.PHILL. 2K16,60,GNRL
1532,33,57,2016,MLIS 2K16,40,GNRL
1533,33,216,2016,BS (LIS) 2K16,40,GNRL
1534,64,118,2016,SCHEME OF BS (MATHEMATICS) 2K16,40,GNRL
1535,34,60,2016,M.A. (PASS) - MASS COMMUNICATION 2K16,40,GNRL
1536,34,143,2016,BS(MASS COMMUNICATION) 2K16,40,GNRL
1537,117,240,2016,SCHEME OF BS (MLT) 2K16,40,GNRL
1538,23,34,2016,SCHEME OF BS(MICROBIOLOGY) 2K16,40,GNRL
1539,80,189,2016,BS (IT) 2K16,40,GNRL
1540,80,190,2016,BS (ENGLISH) 2K16,40,GNRL
1541,80,191,2016,MBA (PASS) 2K16,60,GNRL
1542,80,192,2016,M.B.A (EVENING) 2K16,60,GNRL
1543,87,245,2015,,40,GNRL
1544,63,166,2014,PHARM-D CONDENSED COURSE 2K14,50,GNRL
1545,50,104,2016,SCHEME OF M.A. (PASS) - ARABIC 2K16,40,GNRL
1546,42,112,2016,M. COM (PASS) 2K16,40,GNRL
1547,42,155,2016,BS (COMMERCE) 2K16,40,GNRL
1548,67,162,2013,M.A. (H) EDUCATION 2K13 BATCH,40,GNRL
1549,67,185,2016,B.ED (HONS) ELEMENTARY 2K16,40,GNRL
1611,72,249,2016,,40,GNRL
1551,80,238,2016,2K16- MBA (04 YEAR),60,GNRL
1552,58,70,2016,M.A (PASS) -MUSLIM HISTORY 2K16,40,GNRL
1553,58,242,2016,BS (MUSLIM HISTORY) 2K16,40,GNRL
1554,86,206,2016,BS (NUTRITION & FOOD TECHNOLOGY ) 2K16,40,GNRL
1555,66,127,2016,MA.(PASS) -PAKISTAN STUDY CENTER -2K16,40,GNRL
1556,63,117,2016,SCHEME OF PHARM. D. 2K16,50,GNRL
1557,24,36,2016,Scheme of BS(Physics) 2K16,40,GNRL
1558,24,37,2016, SCHEME OF M.Sc (PREVIOUS) PHYSICS 2K16,40,GNRL
1559,25,38,2016,SCHEME OF PHYSIOLOGY 2K16,40,GNRL
1560,25,39,2016, SCHEME OF M.Sc (PASS) - PHYSIOLOGY 2K16,40,GNRL
1561,36,72,2016,M.A. (PASS) POLITICAL SCIENCES 2K16,40,GNRL
1562,36,147,2016,BS(POLITICAL SCIENCE) 2K16,40,GNRL
1563,37,74,2016,SCHEME OF M.A. (PASS) - PSYCHOLOGY 2K16,40,GNRL
1564,37,75,2016,,40,GNRL
1565,37,152,2016,BS (PSYCHOLOGY) N.S 2K16,40,GNRL
1566,38,78,2016,SCHEME OF M.P.A (PASS) (2K16) MORNING,50,GNRL
1567,38,150,2016,BS (PUBLIC ADMINISTRATION) 2K16,50,GNRL
1568,16,149,2016,BS (SDSC) 2K16,40,GNRL
1569,87,208,2016,B.B.A (HONS) 2K16,60,GNRL
1570,87,209,2016,M.A (PASS) SUFISM & PEACE 2K16,40,GNRL
1571,87,210,2016,M.A (PASS) ENGLISH,40,GNRL
1572,87,237,2016,BS (ENGLISH) 2K16,40,GNRL
1573,87,245,2016,,40,GNRL
1574,85,199,2016,B.B.A (HONS) 2K16,60,GNRL
1575,85,200,2016,BS (CS) 2K16,40,GNRL
1591,47,88,2016,SCHEME OF M.A. (PASS) - SINDHI 2K16,40,GNRL
1577,85,201,2016,BS (ENGLISH) 2K16,40,GNRL
1578,85,202,2016,M.B.A (EVENING) 2K16,60,GNRL
1579,77,175,2016,B.B.A. 4-Year Degree Program 2016,60,GNRL
1580,77,176,2016,BS (COMMERCE) Year Degree Program 2016,40,GNRL
1581,77,178,2016,BS (IT) 4-Year Degree Program 2016,40,GNRL
1582,77,179,2016,BS (GEOLOGY) 2016,40,GNRL
1583,84,195,2016,B.B.A (HONS) 2K16,60,GNRL
1584,84,196,2016,BS (ENGLISH) 2K16,40,GNRL
1585,84,197,2016,BS (CS) 2K16,40,GNRL
1586,84,198,2016,M.B.A (EVENING) 2K16,60,GNRL
1587,72,159,2016,B.B.A. (H) 2K16,60,GNRL
1588,72,160,2016,BS (COMMERCE) 2K16,40,GNRL
1589,72,161,2016,BS (COMPUTER SCIENCE) 2K16,40,GNRL
1610,89,248,2016,,40,GNRL
1592,47,174,2016,BS (SINDHI) 2K16,40,GNRL
1593,40,84,2016,,40,GNRL
1594,40,148,2016,BS(SOCIAL WORK) 2K16,40,GNRL
1595,39,81,2016,SCHEME OF M.A (PASSS) - SOCIOLOGY 2K16,40,GNRL
1596,39,145,2016,BS (SOCIOLOGY) 2K16,40,GNRL
1597,13,11,2016,BS (SOFTWARE ENGINEERING) 2K16,40,GNRL
1598,26,40,2016,SCHEME OF BS(STATISTICS) 2K16,40,GNRL
1599,89,218,2016,B.B.A (HONS) 2K16,60,GNRL
1600,89,219,2016,BS (ENGLISH) 2K16,40,GNRL
1601,89,220,2016,BS (COMPUTER SCIENCE) 2K16,40,GNRL
1602,89,239,2016,2K16- MBA (04 YEAR),60,GNRL
1603,89,241,2016,BS (IT) 2K16,40,GNRL
1604,14,12,2016,SCHEME OF BS(TELECOMMUNICATION) 2K16,40,GNRL
1605,48,99,2016,SCHEME OF M.A. (PASS) - URDU 2K16,40,GNRL
1606,27,42,2016,Scheme of BS(ZOOLOGY) 2K16,40,GNRL
1607,27,43,2016, SCHEME OF M.Sc. (PASS) - ZOOLOGY 2K16,40,GNRL
1608,48,246,2016,BS (URDU) 2K16,40,GNRL
1609,57,247,2016,M.A (PASS) ISLAMIC STUDIES 2K16,40,GNRL
1612,87,250,2016,,40,GNRL
1613,46,97,2016,SCHEME OF PHILOSOPHY 2K16,40,GNRL
1614,46,165,2016,M.A (HONS) PHILOSOPHY 2K16,40,GNRL
1615,49,171,2016,BACHELOR OF ART HISTORY (2K16),40,GNRL
1616,26,41,2016, SCHEME OF M.Sc. (PASS) - STATISTICS 2K16,40,GNRL
1617,80,217,2016,,40,GNRL
1618,84,251,2016,,40,GNRL
1619,50,252,2016,,40,GNRL
1620,51,253,2016,,40,GNRL
1621,67,185,2016,B.ED (HONS) ELEMENTARY 2K16 (ADE SIDE),40,BADE
1622,46,98,2016,SCHEME OF M.A. (PASS) - PHILOSOPHY 2016,40,GNRL
